battle_id,context,result,player_side,captured_at,duration_seconds,source_image_sha256,player_side_total_kills,ordinary_troop_rows,total_kill_provenance,uncertainty
battle_20260821_134203_lannister_prideknight_field,field,Victory,defender,2026-08-21T13:42:03-03:00,334,07400d0fc89d1f710ce50f8f679a4212779f9025def494d594613f9c27af672e,687,15,battle_metadata_and_side_total,final scoreboard; partial visible troop roster
battle_20260821_135249_lannister_prideknight_field,field,Victory,attacker,2026-08-21T13:52:49-03:00,365,7bb954cad027f1c50e4f01f43cd8c99ba4a387fc76518cab4d92d97908ca25cc,267,12,battle_metadata_and_side_total,final scoreboard; partial visible troop roster
battle_20260821_140516_lannister_prideknight_field,field,Defeat,defender,2026-08-21T14:05:16-03:00,450,450be8f768a48cc8400b35a0f1054ead9aca25c06a14aeb3178e570c4ca86138,677,11,battle_metadata_and_side_total,final scoreboard; partial visible troop roster
battle_20260821_172401_lannister_prideknight_field,field,Victory,defender,2026-08-21T17:24:01-03:00,265,31c0e2169ae81677573f1fcec9c81d0992501a2f9e17d97abf1dfac64f669c35,500,14,battle_metadata_and_side_total,final scoreboard; partial visible troop roster
battle_20260821_185306_lannister_prideknight_field,field,Victory,attacker,2026-08-21T18:53:06-03:00,320,a5982f221358a458927da97ffd9c05c129a197d84d358762fdc07212c83cd032,181,15,battle_metadata_and_side_total,final scoreboard; partial visible troop roster
battle_20260821_190900_lannister_prideknight_field,field,Victory,defender,2026-08-21T19:09:00-03:00,384,0e55694442aa42c5b2090476e5c884f751e625f23b0e9e57f0984bdf2752e25b,248,9,battle_metadata_and_side_total,final scoreboard; partial visible troop roster
battle_20260821_191516_lannister_prideknight_siege_attack,siege_attack,Victory,attacker,2026-08-21T19:15:16-03:00,377,17705099e2d6b0aebfe131970f041e58b0fbf17aba61d35b7d24994d1ecb802c,242,11,battle_metadata_and_side_total,final scoreboard; partial visible troop roster
battle_20260821_192210_lannister_prideknight_field,field,Victory,attacker,2026-08-21T19:22:10-03:00,200,5793fd05b5eea637a09668f871b95f791fb218df4e08eec6a671dff0d8960480,130,12,battle_metadata_and_side_total,final scoreboard; partial visible troop roster
battle_20260821_192744_lannister_prideknight_field,field,Victory,attacker,2026-08-21T19:27:44-03:00,187,f7fe48d9a8ba2c99e1421c72fb0eaaaa0d8f5e8fe1b3127127063606a92982a4,191,11,battle_metadata_and_side_total,final scoreboard; partial visible troop roster; enemy Mallister Eagle Knight excluded
