troop_id,troop_name,culture,level,default_group,defensive_lane,roster_count,shield_share,horse_share,armor_total_mean,survivability_armor_v71_mean,shield_hp_mean,shield_armor_mean,harness_armor_mean,horse_extra_health_mean,horse_speed_mean,horse_maneuver_mean,horse_charge_damage_audit_only_mean,horse_charge_damage_max_audit_only,mount_ids_audit_only,mount_evidence_status,unresolved_mount_evidence,unresolved_item_evidence,spectacle_reason,athletics,riding,melee_skill,armor_component_v2,shield_hp_component_v2,shield_armor_component_v2,harness_component_v2,mount_health_component_v2,mobility_component_v2,counterpressure_component_v2,protection_score_v2,defensive_utility_score_v2,protection_rank_v2,defensive_utility_rank_v2,normalization_includes_outliers,roster_aggregation,evidence_basis,empirical,score_status
mallister_knight,Mallister Eagle Knight,river,31.000000,Cavalry,cavalry,1,1.000000,1.000000,208.000000,62.200000,400.000000,9.000000,75.000000,40.000000,58.000000,58.000000,30.000000,30.000000,t2_vlandia_horse,resolved,,,,230.000000,240.000000,240.000000,88.306943,76.923077,90.000000,62.500000,20.000000,77.897124,85.000000,74.691933,76.043259,1,2,true,arithmetic_mean_across_rosters_and_within_slot_alternatives,xml_structural,false,defensive_role_scores_v2_candidate
mounted_kingsguard,Captain of the Kingsguard,crownlands,31.000000,Cavalry,cavalry,1,1.000000,1.000000,211.000000,63.550000,370.000000,1.000000,80.000000,60.000000,64.000000,68.000000,32.000000,32.000000,t3_vlandia_horse,resolved,,,,270.000000,250.000000,270.000000,91.595615,71.153846,10.000000,66.666667,30.000000,89.581096,100.000000,73.304218,77.601484,2,1,true,arithmetic_mean_across_rosters_and_within_slot_alternatives,xml_structural,false,defensive_role_scores_v2_candidate
arryn_moonknight,Arryn Winged Knight,vale,31.000000,Cavalry,cavalry,2,1.000000,1.000000,221.000000,65.450000,370.000000,1.000000,75.000000,20.000000,61.000000,66.000000,28.000000,28.000000,t3_empire_horse,resolved,,,,220.000000,250.000000,250.000000,96.224117,71.153846,10.000000,62.500000,10.000000,86.370689,90.000000,72.785135,75.865177,3,3,true,arithmetic_mean_across_rosters_and_within_slot_alternatives,xml_structural,false,defensive_role_scores_v2_candidate
queensguard_captain,Captain of the Queen's Guard,valyrian,31.000000,Cavalry,cavalry,1,1.000000,1.000000,204.000000,60.200000,400.000000,7.000000,75.000000,40.000000,58.000000,58.000000,30.000000,30.000000,t2_vlandia_horse,resolved,,,,220.000000,220.000000,220.000000,83.434836,76.923077,70.000000,62.500000,20.000000,74.388352,75.000000,71.255879,71.943538,4,5,true,arithmetic_mean_across_rosters_and_within_slot_alternatives,xml_structural,false,defensive_role_scores_v2_candidate
stark_cavalry,Stark Cavalry,battania,26.000000,Cavalry,cavalry,2,1.000000,1.000000,186.000000,57.700000,420.000000,9.000000,74.500000,70.000000,55.000000,66.000000,22.000000,22.000000,t2_battania_horse,resolved,,,,130.000000,130.000000,140.000000,77.344702,80.769231,90.000000,62.083333,35.000000,61.236424,35.000000,71.204402,66.587164,5,14,true,arithmetic_mean_across_rosters_and_within_slot_alternatives,xml_structural,false,defensive_role_scores_v2_candidate
targ_queensguard,Targaryen Queen's Guard,valyrian,26.000000,Cavalry,cavalry,1,1.000000,1.000000,198.000000,59.900000,400.000000,7.000000,75.000000,40.000000,58.000000,58.000000,30.000000,30.000000,t2_vlandia_horse,resolved,,,,160.000000,140.000000,140.000000,82.704019,76.923077,70.000000,62.500000,20.000000,60.353264,35.000000,70.890471,66.247703,6,16,true,arithmetic_mean_across_rosters_and_within_slot_alternatives,xml_structural,false,defensive_role_scores_v2_candidate
whiteharbor_knight_commander,White Harbor Knight Commander,battania,31.000000,Cavalry,cavalry,1,1.000000,1.000000,191.000000,55.850000,400.000000,9.000000,75.000000,90.000000,62.000000,69.000000,23.000000,23.000000,t3_battania_horse,resolved,,,,230.000000,240.000000,250.000000,72.838002,76.923077,90.000000,62.500000,45.000000,87.050961,90.000000,69.457463,73.271066,7,4,true,arithmetic_mean_across_rosters_and_within_slot_alternatives,xml_structural,false,defensive_role_scores_v2_candidate
magister_guard,Magister Guard Elite,pentoshi,31.000000,Cavalry,cavalry,1,1.000000,1.000000,197.000000,58.550000,400.000000,9.000000,65.000000,40.000000,59.000000,69.000000,19.000000,19.000000,t2_khuzait_horse,resolved,,,,220.000000,220.000000,220.000000,79.415347,76.923077,90.000000,54.166667,20.000000,81.501372,75.000000,68.579468,70.513712,8,6,true,arithmetic_mean_across_rosters_and_within_slot_alternatives,xml_structural,false,defensive_role_scores_v2_candidate
whiteharbor_elite_knight,White Harbor Elite Knight,battania,26.000000,Cavalry,cavalry,1,1.000000,1.000000,190.000000,55.800000,400.000000,9.000000,75.000000,70.000000,55.000000,66.000000,22.000000,22.000000,t2_battania_horse,resolved,,,,140.000000,140.000000,150.000000,72.716200,76.923077,90.000000,62.500000,35.000000,62.990810,40.000000,68.396561,65.016330,9,18,true,arithmetic_mean_across_rosters_and_within_slot_alternatives,xml_structural,false,defensive_role_scores_v2_candidate
valyrian_dragonlord_protector,Valyrian Dragonlord Protector,valyrian,31.000000,Cavalry,cavalry,1,1.000000,1.000000,190.000000,58.500000,430.000000,1.000000,75.000000,40.000000,58.000000,58.000000,30.000000,30.000000,t2_vlandia_horse,resolved,,,,220.000000,220.000000,220.000000,79.293544,82.692308,10.000000,62.500000,20.000000,74.388352,75.000000,67.050618,68.579330,10,12,true,arithmetic_mean_across_rosters_and_within_slot_alternatives,xml_structural,false,defensive_role_scores_v2_candidate
reach_flower_knight,Reach Flower Knight,reach,31.000000,Cavalry,cavalry,1,1.000000,1.000000,188.000000,57.200000,500.000000,1.000000,75.000000,20.000000,54.000000,60.000000,26.000000,26.000000,t2_empire_horse,resolved,,,,210.000000,230.000000,230.000000,76.126675,96.153846,10.000000,62.500000,10.000000,74.591240,80.000000,66.486414,68.648255,11,11,true,arithmetic_mean_across_rosters_and_within_slot_alternatives,xml_structural,false,defensive_role_scores_v2_candidate
pentoshi_lancer,Pentoshi Lancer,pentoshi,26.000000,Cavalry,cavalry,1,1.000000,1.000000,191.000000,57.750000,400.000000,9.000000,58.000000,40.000000,59.000000,69.000000,19.000000,19.000000,t2_khuzait_horse,resolved,,,,140.000000,140.000000,150.000000,77.466504,76.923077,90.000000,48.333333,20.000000,67.466285,40.000000,66.438380,63.897332,12,19,true,arithmetic_mean_across_rosters_and_within_slot_alternatives,xml_structural,false,defensive_role_scores_v2_candidate
valyrian_dragonknight,Valyrian Dragonknight,valyrian,26.000000,Cavalry,cavalry,1,1.000000,1.000000,178.000000,57.900000,430.000000,1.000000,75.000000,40.000000,58.000000,58.000000,30.000000,30.000000,t2_vlandia_horse,resolved,,,,160.000000,140.000000,140.000000,77.831912,82.692308,10.000000,62.500000,20.000000,60.353264,35.000000,66.319802,62.591168,13,23,true,arithmetic_mean_across_rosters_and_within_slot_alternatives,xml_structural,false,defensive_role_scores_v2_candidate
targaryen_dragonknight,Valyrian Cavalry,valyrian,26.000000,Cavalry,cavalry,1,1.000000,1.000000,184.000000,56.000000,400.000000,7.000000,75.000000,40.000000,58.000000,58.000000,30.000000,30.000000,t2_vlandia_horse,resolved,,,,140.000000,150.000000,150.000000,73.203410,76.923077,70.000000,62.500000,20.000000,62.107650,40.000000,66.140167,63.122899,14,21,true,arithmetic_mean_across_rosters_and_within_slot_alternatives,xml_structural,false,defensive_role_scores_v2_candidate
dondarion_boltknight,Dondarrion Boltknight,stormlands,31.000000,Cavalry,cavalry,1,1.000000,1.000000,195.000000,56.950000,300.000000,10.000000,75.000000,40.000000,62.000000,71.000000,27.000000,27.000000,t3_sturgia_horse,resolved,,,,220.000000,230.000000,240.000000,75.517661,57.692308,100.000000,62.500000,20.000000,86.466165,85.000000,65.912677,69.876758,15,7,true,arithmetic_mean_across_rosters_and_within_slot_alternatives,xml_structural,false,defensive_role_scores_v2_candidate
grafton_horseman,Grafton Horseman,vale,26.000000,Cavalry,cavalry,1,1.000000,1.000000,187.000000,56.350000,380.000000,9.000000,75.000000,10.000000,53.000000,61.000000,22.000000,22.000000,vlandia_horse,resolved,,,,110.000000,130.000000,140.000000,74.056029,73.076923,90.000000,62.500000,5.000000,56.951904,35.000000,65.489553,61.586833,16,27,true,arithmetic_mean_across_rosters_and_within_slot_alternatives,xml_structural,false,defensive_role_scores_v2_candidate
dayne_starfall_knights,Knights of Starfall,aserai,31.000000,Cavalry,cavalry,1,1.000000,1.000000,197.000000,58.650000,400.000000,1.000000,75.000000,20.000000,60.000000,73.000000,18.000000,18.000000,t2_aserai_horse,resolved,,,,230.000000,230.000000,240.000000,79.658952,76.923077,10.000000,62.500000,10.000000,86.275212,85.000000,65.367938,69.421872,17,9,true,arithmetic_mean_across_rosters_and_within_slot_alternatives,xml_structural,false,defensive_role_scores_v2_candidate
vale_knight_of,Knight of the Vale,vale,31.000000,Cavalry,cavalry,1,1.000000,1.000000,178.000000,54.000000,280.000000,1.000000,75.000000,200.000000,69.000000,73.000000,36.000000,36.000000,noble_horse_western,resolved,,,,220.000000,240.000000,230.000000,68.331303,53.846154,10.000000,62.500000,100.000000,94.152047,80.000000,65.242575,69.609265,18,8,true,arithmetic_mean_across_rosters_and_within_slot_alternatives,xml_structural,false,defensive_role_scores_v2_candidate
lannister_prideknight,Lannister Prideknight,vlandia,31.000000,Cavalry,cavalry,1,1.000000,1.000000,178.000000,53.700000,400.000000,8.000000,75.000000,60.000000,64.000000,68.000000,32.000000,32.000000,t3_vlandia_horse,resolved,,,,230.000000,240.000000,240.000000,67.600487,76.923077,80.000000,62.500000,30.000000,87.826710,85.000000,64.838705,69.153635,19,10,true,arithmetic_mean_across_rosters_and_within_slot_alternatives,xml_structural,false,defensive_role_scores_v2_candidate
realm_knight,Realm Knight,crownlands,26.000000,Cavalry,cavalry,1,1.000000,1.000000,182.000000,57.600000,300.000000,10.000000,72.000000,10.000000,53.000000,61.000000,22.000000,22.000000,vlandia_horse,resolved,,,,140.000000,130.000000,130.000000,77.101096,57.692308,100.000000,60.000000,5.000000,56.951904,30.000000,64.704394,60.458706,20,33,true,arithmetic_mean_across_rosters_and_within_slot_alternatives,xml_structural,false,defensive_role_scores_v2_candidate
lannister_knight,Lannister Knight,vlandia,26.000000,Cavalry,cavalry,1,1.000000,1.000000,179.000000,54.250000,400.000000,8.000000,75.000000,40.000000,58.000000,58.000000,30.000000,30.000000,t2_vlandia_horse,resolved,,,,130.000000,140.000000,140.000000,68.940317,76.923077,80.000000,62.500000,20.000000,60.353264,35.000000,64.508620,61.142222,21,29,true,arithmetic_mean_across_rosters_and_within_slot_alternatives,xml_structural,false,defensive_role_scores_v2_candidate
realm_paladin,Realm Paladin,crownlands,31.000000,Cavalry,cavalry,1,1.000000,1.000000,194.000000,58.200000,370.000000,1.000000,72.000000,40.000000,58.000000,58.000000,30.000000,30.000000,t2_vlandia_horse,resolved,,,,230.000000,230.000000,230.000000,78.562728,71.153846,10.000000,60.000000,20.000000,76.142738,80.000000,64.454441,67.177827,22,13,true,arithmetic_mean_across_rosters_and_within_slot_alternatives,xml_structural,false,defensive_role_scores_v2_candidate
westerling_horseman,Westerling Knight,vlandia,26.000000,Cavalry,cavalry,1,1.000000,1.000000,194.000000,55.200000,380.000000,9.000000,75.000000,10.000000,53.000000,61.000000,22.000000,22.000000,vlandia_horse,resolved,,,,110.000000,130.000000,140.000000,71.254568,73.076923,90.000000,62.500000,5.000000,56.951904,35.000000,64.088822,60.466248,23,32,true,arithmetic_mean_across_rosters_and_within_slot_alternatives,xml_structural,false,defensive_role_scores_v2_candidate
qohorik_goat_sacrificer,Black Goat Sacrificer,qohorik,31.000000,Cavalry,cavalry,1,1.000000,1.000000,183.000000,53.850000,430.000000,9.000000,65.000000,40.000000,59.000000,69.000000,19.000000,19.000000,t2_khuzait_horse,resolved,,chainmail_reinforcements:Cape,,220.000000,210.000000,220.000000,67.965895,82.692308,90.000000,54.166667,20.000000,79.746987,75.000000,63.720127,66.450800,24,15,true,arithmetic_mean_across_rosters_and_within_slot_alternatives,xml_structural,false,defensive_role_scores_v2_candidate
qohorik_lancer,Qohorik Lancer,qohorik,26.000000,Cavalry,cavalry,1,1.000000,1.000000,180.000000,53.600000,430.000000,9.000000,65.000000,40.000000,59.000000,69.000000,19.000000,19.000000,t2_khuzait_horse,resolved,,,,60.000000,150.000000,130.000000,67.356882,82.692308,90.000000,54.166667,20.000000,69.220671,30.000000,63.415620,60.654563,25,31,true,arithmetic_mean_across_rosters_and_within_slot_alternatives,xml_structural,false,defensive_role_scores_v2_candidate
celtigar_knight,Celtigar Knight,dragonstone,26.000000,Cavalry,cavalry,1,1.000000,1.000000,192.000000,57.700000,500.000000,1.000000,35.000000,40.000000,58.000000,58.000000,30.000000,30.000000,t2_vlandia_horse,resolved,,,,130.000000,130.000000,140.000000,77.344702,96.153846,10.000000,29.166667,20.000000,58.598878,35.000000,61.428761,58.502897,26,37,true,arithmetic_mean_across_rosters_and_within_slot_alternatives,xml_structural,false,defensive_role_scores_v2_candidate
casterly_champion,Casterly Rock Champion,vlandia,26.000000,Cavalry,cavalry,1,1.000000,1.000000,191.000000,54.950000,370.000000,1.000000,75.000000,40.000000,58.000000,58.000000,30.000000,30.000000,t2_vlandia_horse,resolved,,,,140.000000,140.000000,140.000000,70.645554,71.153846,10.000000,62.500000,20.000000,60.353264,35.000000,60.995854,58.332010,27,38,true,arithmetic_mean_across_rosters_and_within_slot_alternatives,xml_structural,false,defensive_role_scores_v2_candidate
pentoshi_cavalry,Pentoshi Cavalry,pentoshi,26.000000,Cavalry,cavalry,1,1.000000,1.000000,171.000000,52.250000,400.000000,9.000000,65.000000,40.000000,59.000000,69.000000,19.000000,19.000000,t2_khuzait_horse,resolved,,,,80.000000,150.000000,130.000000,64.068210,76.923077,90.000000,54.166667,20.000000,69.220671,30.000000,60.905900,58.646787,28,36,true,arithmetic_mean_across_rosters_and_within_slot_alternatives,xml_structural,false,defensive_role_scores_v2_candidate
golden_elite_pikeman,Golden Company Mahout,volantine,31.000000,Cavalry,cavalry,2,1.000000,1.000000,149.000000,49.150000,420.000000,1.000000,120.000000,0.000000,20.000000,20.000000,350.000000,350.000000,elephant,resolved,,,outsized mount,230.000000,260.000000,260.000000,56.516443,80.769231,10.000000,100.000000,0.000000,33.333333,95.000000,60.873606,61.532218,29,28,true,arithmetic_mean_across_rosters_and_within_slot_alternatives,xml_structural,false,defensive_role_scores_v2_candidate
dondarion_knight,Dondarrion Knight,stormlands,26.000000,Cavalry,cavalry,1,1.000000,1.000000,184.000000,52.800000,300.000000,10.000000,75.000000,40.000000,58.000000,58.000000,30.000000,30.000000,t2_vlandia_horse,resolved,,,,120.000000,130.000000,130.000000,65.408039,57.692308,100.000000,62.500000,20.000000,58.598878,30.000000,60.857866,57.546181,30,41,true,arithmetic_mean_across_rosters_and_within_slot_alternatives,xml_structural,false,defensive_role_scores_v2_candidate
mallister_horseman,Mallister Knight,river,26.000000,Cavalry,cavalry,1,1.000000,1.000000,177.000000,51.850000,400.000000,9.000000,75.000000,10.000000,53.000000,61.000000,22.000000,22.000000,vlandia_horse,resolved,,,,110.000000,130.000000,140.000000,63.093788,76.923077,90.000000,62.500000,5.000000,56.951904,35.000000,60.585356,57.663475,31,40,true,arithmetic_mean_across_rosters_and_within_slot_alternatives,xml_structural,false,defensive_role_scores_v2_candidate
royce_heroine,Royce Heroine,vale,31.000000,Cavalry,cavalry,1,1.000000,1.000000,165.000000,46.050000,500.000000,9.000000,75.000000,90.000000,68.000000,71.000000,36.000000,36.000000,noble_horse_imperial,resolved,,,,240.000000,240.000000,240.000000,48.964677,96.153846,90.000000,62.500000,45.000000,92.302184,85.000000,60.405416,66.054551,32,17,true,arithmetic_mean_across_rosters_and_within_slot_alternatives,xml_structural,false,defensive_role_scores_v2_candidate
arryn_knight,Arryn Knight,vale,26.000000,Cavalry,cavalry,1,1.000000,1.000000,188.000000,54.300000,370.000000,1.000000,75.000000,40.000000,58.000000,58.000000,30.000000,30.000000,t2_vlandia_horse,resolved,,,,120.000000,140.000000,140.000000,69.062119,71.153846,10.000000,62.500000,20.000000,60.353264,35.000000,60.204137,57.698636,33,39,true,arithmetic_mean_across_rosters_and_within_slot_alternatives,xml_structural,false,defensive_role_scores_v2_candidate
giant_rider,Mammoth Riding Giant,freefolk,31.000000,Cavalry,cavalry,1,0.000000,1.000000,240.000000,67.000000,0.000000,0.000000,0.000000,200.000000,20.000000,20.000000,400.000000,400.000000,mammoth,resolved,,,giant/mammoth name,30.000000,250.000000,260.000000,100.000000,0.000000,0.000000,0.000000,100.000000,31.578947,95.000000,60.000000,60.657895,34,30,true,arithmetic_mean_across_rosters_and_within_slot_alternatives,xml_structural,false,defensive_role_scores_v2_candidate
skagosi_stoneborn_champion,Skagosi Stoneborn Champion,skagosi,31.000000,Cavalry,cavalry,1,1.000000,1.000000,184.000000,52.300000,420.000000,9.000000,0.000000,200.000000,60.000000,70.000000,90.000000,90.000000,unicorn1,resolved,,,,220.000000,220.000000,220.000000,64.190012,80.769231,90.000000,0.000000,100.000000,82.766440,75.000000,58.710391,62.744957,35,22,true,arithmetic_mean_across_rosters_and_within_slot_alternatives,xml_structural,false,defensive_role_scores_v2_candidate
dragonstone_shock_knight,Dragonstone Shock Knight,dragonstone,26.000000,Cavalry,cavalry,1,1.000000,1.000000,177.000000,52.250000,300.000000,10.000000,75.000000,10.000000,53.000000,61.000000,22.000000,22.000000,vlandia_horse,resolved,,,,130.000000,130.000000,120.000000,64.068210,57.692308,100.000000,62.500000,5.000000,56.951904,25.000000,58.687951,55.145551,36,47,true,arithmetic_mean_across_rosters_and_within_slot_alternatives,xml_structural,false,defensive_role_scores_v2_candidate
skagosi_stoneborn,Skagosi Stoneborn,skagosi,26.000000,Cavalry,cavalry,1,1.000000,1.000000,183.000000,52.250000,420.000000,9.000000,0.000000,200.000000,55.000000,65.000000,80.000000,80.000000,unicorn3,resolved,,,,140.000000,140.000000,150.000000,64.068210,80.769231,90.000000,0.000000,100.000000,62.406015,40.000000,58.649489,57.160193,37,42,true,arithmetic_mean_across_rosters_and_within_slot_alternatives,xml_structural,false,defensive_role_scores_v2_candidate
riverrun_captain,Riverrun Captain,river,31.000000,Cavalry,cavalry,1,1.000000,1.000000,172.000000,52.200000,370.000000,1.000000,75.000000,60.000000,64.000000,68.000000,32.000000,32.000000,t3_vlandia_horse,resolved,,,,220.000000,240.000000,230.000000,63.946407,71.153846,10.000000,62.500000,30.000000,87.826710,80.000000,58.646280,63.699695,38,20,true,arithmetic_mean_across_rosters_and_within_slot_alternatives,xml_structural,false,defensive_role_scores_v2_candidate
baratheon_knight,Baratheon Knight,stormlands,26.000000,Cavalry,cavalry,2,1.000000,1.000000,177.000000,52.950000,370.000000,1.000000,75.000000,40.000000,58.000000,58.000000,30.000000,30.000000,t2_vlandia_horse,resolved,,,,120.000000,130.000000,140.000000,65.773447,71.153846,10.000000,62.500000,20.000000,58.598878,35.000000,58.559800,56.207728,39,44,true,arithmetic_mean_across_rosters_and_within_slot_alternatives,xml_structural,false,defensive_role_scores_v2_candidate
tyrell_cavalier,Tyrell Cavalier,reach,31.000000,Cavalry,cavalry,1,1.000000,1.000000,169.000000,52.050000,430.000000,1.000000,75.000000,20.000000,54.000000,60.000000,26.000000,26.000000,t2_empire_horse,resolved,,,,220.000000,240.000000,230.000000,63.580999,82.692308,10.000000,62.500000,10.000000,76.345626,80.000000,58.194346,62.190039,40,24,true,arithmetic_mean_across_rosters_and_within_slot_alternatives,xml_structural,false,defensive_role_scores_v2_candidate
royce_cavalrywomen,Royce Cavalrywomen,vale,26.000000,Cavalry,cavalry,1,1.000000,1.000000,165.000000,46.050000,500.000000,9.000000,75.000000,40.000000,58.000000,58.000000,30.000000,30.000000,t2_vlandia_horse,resolved,,,,140.000000,150.000000,140.000000,48.964677,96.153846,90.000000,62.500000,20.000000,62.107650,35.000000,57.905416,56.035098,41,45,true,arithmetic_mean_across_rosters_and_within_slot_alternatives,xml_structural,false,defensive_role_scores_v2_candidate
dragonstone_steel_curtain,Queen's Man,dragonstone,31.000000,Cavalry,cavalry,1,1.000000,1.000000,177.000000,52.250000,370.000000,1.000000,75.000000,40.000000,58.000000,58.000000,30.000000,30.000000,t2_vlandia_horse,resolved,,,,220.000000,230.000000,230.000000,64.068210,71.153846,10.000000,62.500000,20.000000,76.142738,80.000000,57.707182,61.780019,42,26,true,arithmetic_mean_across_rosters_and_within_slot_alternatives,xml_structural,false,defensive_role_scores_v2_candidate
mormont_horseman,Mormont Horseman,battania,26.000000,Cavalry,cavalry,1,1.000000,1.000000,171.000000,51.050000,360.000000,6.000000,77.000000,15.000000,48.000000,65.000000,16.000000,16.000000,hunter,resolved,,,,130.000000,130.000000,130.000000,61.144945,69.230769,60.000000,64.166667,7.500000,55.889724,30.000000,57.540421,54.621309,43,48,true,arithmetic_mean_across_rosters_and_within_slot_alternatives,xml_structural,false,defensive_role_scores_v2_candidate
whiteharbor_knight,White Harbor Knight,battania,21.000000,Cavalry,cavalry,1,1.000000,1.000000,164.000000,49.100000,400.000000,9.000000,75.000000,15.000000,48.000000,65.000000,16.000000,16.000000,hunter,resolved,,,,110.000000,110.000000,120.000000,56.394641,76.923077,90.000000,62.500000,7.500000,52.380952,25.000000,57.485782,53.726721,44,53,true,arithmetic_mean_across_rosters_and_within_slot_alternatives,xml_structural,false,defensive_role_scores_v2_candidate
casterly_knight,Casterly Rock Knight,vlandia,21.000000,Cavalry,cavalry,1,1.000000,1.000000,197.000000,57.050000,370.000000,1.000000,45.000000,15.000000,48.000000,65.000000,16.000000,16.000000,hunter,resolved,,,,110.000000,110.000000,110.000000,75.761267,71.153846,10.000000,37.500000,7.500000,52.380952,20.000000,57.303710,53.081063,45,56,true,arithmetic_mean_across_rosters_and_within_slot_alternatives,xml_structural,false,defensive_role_scores_v2_candidate
myrish_cavalry,Myrish Cavalry,myrish,26.000000,Cavalry,cavalry,1,1.000000,1.000000,173.000000,52.150000,450.000000,1.000000,65.000000,20.000000,60.000000,73.000000,18.000000,18.000000,t2_aserai_horse,resolved,,,,80.000000,130.000000,130.000000,63.824604,86.538462,10.000000,54.166667,10.000000,68.731352,30.000000,57.226405,55.654259,46,46,true,arithmetic_mean_across_rosters_and_within_slot_alternatives,xml_structural,false,defensive_role_scores_v2_candidate
bolton_knight,Bolton Cavalry,battania,26.000000,Cavalry,cavalry,1,1.000000,1.000000,172.000000,50.100000,360.000000,1.000000,75.000000,70.000000,55.000000,66.000000,22.000000,22.000000,t2_battania_horse,resolved,,,,110.000000,130.000000,130.000000,58.830694,69.230769,10.000000,62.500000,35.000000,61.236424,30.000000,56.299963,54.163613,47,52,true,arithmetic_mean_across_rosters_and_within_slot_alternatives,xml_structural,false,defensive_role_scores_v2_candidate
golden_horseman,Golden Company Elephant Rider,volantine,26.000000,Cavalry,cavalry,2,1.000000,1.000000,146.000000,48.000000,420.000000,1.000000,100.000000,0.000000,20.000000,20.000000,350.000000,350.000000,elephant,resolved,,,outsized mount,110.000000,140.000000,140.000000,53.714982,80.769231,10.000000,83.333333,0.000000,12.280702,35.000000,56.139542,49.639704,48,68,true,arithmetic_mean_across_rosters_and_within_slot_alternatives,xml_structural,false,defensive_role_scores_v2_candidate
greyjoy_horseman,Greyjoy Horseman,sturgia,26.000000,Cavalry,cavalry,1,1.000000,1.000000,164.000000,48.200000,500.000000,1.000000,75.000000,30.000000,57.000000,63.000000,20.000000,20.000000,t2_sturgia_horse,resolved,,,,130.000000,130.000000,140.000000,54.202192,96.153846,10.000000,62.500000,15.000000,60.842583,35.000000,56.024173,54.403597,49,49,true,arithmetic_mean_across_rosters_and_within_slot_alternatives,xml_structural,false,defensive_role_scores_v2_candidate
vale_elite_knight,Vale Elite Knight,vale,26.000000,Cavalry,cavalry,1,1.000000,1.000000,157.000000,52.950000,280.000000,1.000000,75.000000,40.000000,58.000000,58.000000,30.000000,30.000000,t2_vlandia_horse,resolved,,,,130.000000,140.000000,140.000000,65.773447,53.846154,10.000000,62.500000,20.000000,60.353264,35.000000,55.963647,54.306244,50,50,true,arithmetic_mean_across_rosters_and_within_slot_alternatives,xml_structural,false,defensive_role_scores_v2_candidate
yiti_horseman,Yi Ti Glaiveman,yiti,26.000000,Cavalry,cavalry,1,1.000000,1.000000,177.000000,50.450000,360.000000,9.000000,65.000000,0.000000,54.000000,67.000000,16.000000,16.000000,khuzait_horse,resolved,,,,110.000000,140.000000,140.000000,59.683313,69.230769,90.000000,54.166667,0.000000,62.895334,35.000000,55.559605,54.237217,51,51,true,arithmetic_mean_across_rosters_and_within_slot_alternatives,xml_structural,false,defensive_role_scores_v2_candidate
garden_sentinel,Water Gardens Sentinel,aserai,31.000000,Cavalry,cavalry,1,1.000000,1.000000,170.000000,51.500000,380.000000,9.000000,45.000000,20.000000,68.000000,73.000000,20.000000,20.000000,t3_aserai_horse,resolved,,,,230.000000,240.000000,240.000000,62.241169,73.076923,90.000000,37.500000,10.000000,93.471775,85.000000,55.082123,61.912876,52,25,true,arithmetic_mean_across_rosters_and_within_slot_alternatives,xml_structural,false,defensive_role_scores_v2_candidate
dragonstone_horseman,Dragonstone Horseman,dragonstone,26.000000,Cavalry,cavalry,1,1.000000,1.000000,156.000000,46.400000,500.000000,1.000000,75.000000,40.000000,58.000000,58.000000,30.000000,30.000000,t2_vlandia_horse,resolved,,,,120.000000,130.000000,130.000000,49.817296,96.153846,10.000000,62.500000,20.000000,58.598878,30.000000,54.331725,52.325268,53,60,true,arithmetic_mean_across_rosters_and_within_slot_alternatives,xml_structural,false,defensive_role_scores_v2_candidate
harlaw_horseman,Harlaw Raider,sturgia,26.000000,Cavalry,cavalry,1,1.000000,1.000000,180.000000,53.300000,360.000000,6.000000,35.000000,30.000000,57.000000,63.000000,20.000000,20.000000,t2_sturgia_horse,resolved,,,,130.000000,130.000000,140.000000,66.626066,69.230769,60.000000,29.166667,15.000000,60.842583,35.000000,54.030982,52.809044,54,59,true,arithmetic_mean_across_rosters_and_within_slot_alternatives,xml_structural,false,defensive_role_scores_v2_candidate
clegane_horseman,Clegane Brigand,vlandia,26.000000,Cavalry,cavalry,1,1.000000,1.000000,161.000000,46.150000,500.000000,1.000000,75.000000,40.000000,58.000000,58.000000,30.000000,30.000000,t2_vlandia_horse,resolved,,,,110.000000,130.000000,150.000000,49.208283,96.153846,10.000000,62.500000,20.000000,58.598878,40.000000,54.027218,53.081662,55,55,true,arithmetic_mean_across_rosters_and_within_slot_alternatives,xml_structural,false,defensive_role_scores_v2_candidate
mounted_priest,Norvoshi Grand Bearded Priest,norvos,31.000000,Cavalry,cavalry,1,1.000000,1.000000,185.000000,53.250000,250.000000,1.000000,65.000000,40.000000,59.000000,69.000000,19.000000,19.000000,t2_khuzait_horse,resolved,,,,210.000000,220.000000,230.000000,66.504263,48.076923,10.000000,54.166667,20.000000,81.501372,80.000000,53.797003,59.187740,56,35,true,arithmetic_mean_across_rosters_and_within_slot_alternatives,xml_structural,false,defensive_role_scores_v2_candidate
dayne_knight,Dayne Knight,aserai,26.000000,Cavalry,cavalry,1,1.000000,1.000000,169.000000,49.050000,400.000000,1.000000,75.000000,20.000000,60.000000,73.000000,18.000000,18.000000,t2_aserai_horse,resolved,,,,130.000000,140.000000,130.000000,56.272838,76.923077,10.000000,62.500000,10.000000,70.485738,30.000000,53.674881,52.988479,57,57,true,arithmetic_mean_across_rosters_and_within_slot_alternatives,xml_structural,false,defensive_role_scores_v2_candidate
hightower_cavalry,Hightower Cavalry,reach,26.000000,Cavalry,cavalry,1,1.000000,1.000000,175.000000,52.050000,280.000000,1.000000,75.000000,15.000000,48.000000,65.000000,16.000000,16.000000,hunter,resolved,,,,120.000000,130.000000,140.000000,63.580999,53.846154,10.000000,62.500000,7.500000,55.889724,35.000000,53.617422,51.982910,58,61,true,arithmetic_mean_across_rosters_and_within_slot_alternatives,xml_structural,false,defensive_role_scores_v2_candidate
umber_horseman,Umber Horseman,battania,26.000000,Cavalry,cavalry,1,1.000000,1.000000,152.000000,44.100000,500.000000,1.000000,77.000000,70.000000,55.000000,66.000000,22.000000,22.000000,t2_battania_horse,resolved,,,,110.000000,130.000000,150.000000,44.214373,96.153846,10.000000,64.166667,35.000000,61.236424,40.000000,53.363597,52.814520,59,58,true,arithmetic_mean_across_rosters_and_within_slot_alternatives,xml_structural,false,defensive_role_scores_v2_candidate
skagosi_rider,Skagosi Rider,skagosi,21.000000,Cavalry,cavalry,1,1.000000,1.000000,143.000000,47.750000,420.000000,9.000000,0.000000,200.000000,55.000000,65.000000,80.000000,80.000000,unicorn3,resolved,,,,100.000000,100.000000,110.000000,53.105968,80.769231,90.000000,0.000000,100.000000,55.388471,20.000000,53.168369,50.073542,60,65,true,arithmetic_mean_across_rosters_and_within_slot_alternatives,xml_structural,false,defensive_role_scores_v2_candidate
velaryon_horseman,Velaryon Horseman,dragonstone,26.000000,Cavalry,cavalry,1,1.000000,1.000000,168.000000,50.800000,500.000000,1.000000,35.000000,40.000000,58.000000,58.000000,30.000000,30.000000,t2_vlandia_horse,resolved,,,,120.000000,130.000000,130.000000,60.535932,96.153846,10.000000,29.166667,20.000000,58.598878,30.000000,53.024376,51.279389,61,62,true,arithmetic_mean_across_rosters_and_within_slot_alternatives,xml_structural,false,defensive_role_scores_v2_candidate
tully_knight,Tully Knight,river,26.000000,Cavalry,cavalry,1,1.000000,1.000000,172.000000,52.200000,370.000000,1.000000,45.000000,40.000000,58.000000,58.000000,30.000000,30.000000,t2_vlandia_horse,resolved,,,,110.000000,140.000000,130.000000,63.946407,71.153846,10.000000,37.500000,20.000000,60.353264,30.000000,52.646280,51.152350,62,63,true,arithmetic_mean_across_rosters_and_within_slot_alternatives,xml_structural,false,defensive_role_scores_v2_candidate
martell_horseman,Martell Horseman,aserai,26.000000,Cavalry,cavalry,1,1.000000,1.000000,164.000000,49.500000,380.000000,9.000000,45.000000,20.000000,68.000000,73.000000,20.000000,20.000000,t3_aserai_horse,resolved,,,,130.000000,140.000000,140.000000,57.369062,73.076923,90.000000,37.500000,10.000000,75.927915,35.000000,52.646070,53.209648,63,54,true,arithmetic_mean_across_rosters_and_within_slot_alternatives,xml_structural,false,defensive_role_scores_v2_candidate
glover_horseman,Glover Horseman,battania,26.000000,Cavalry,cavalry,1,1.000000,1.000000,165.000000,50.050000,300.000000,10.000000,35.000000,70.000000,55.000000,66.000000,22.000000,22.000000,t2_battania_horse,resolved,,,,130.000000,130.000000,130.000000,58.708892,57.692308,100.000000,29.166667,35.000000,61.236424,30.000000,52.341625,50.996942,64,64,true,arithmetic_mean_across_rosters_and_within_slot_alternatives,xml_structural,false,defensive_role_scores_v2_candidate
yiti_samurai,Yi Ti Mounted Shi,yiti,31.000000,Cavalry,cavalry,1,0.000000,1.000000,198.000000,58.400000,0.000000,0.000000,65.000000,35.000000,60.000000,77.000000,20.000000,20.000000,t3_khuzait_horse,resolved,,,,250.000000,210.000000,260.000000,79.049939,0.000000,0.000000,54.166667,17.500000,85.105621,95.000000,52.108303,59.697205,65,34,true,arithmetic_mean_across_rosters_and_within_slot_alternatives,xml_structural,false,defensive_role_scores_v2_candidate
vale_elite_lancer,Vale Elite Lancer,vale,26.000000,Cavalry,cavalry,1,1.000000,1.000000,162.000000,49.200000,280.000000,1.000000,75.000000,40.000000,58.000000,58.000000,30.000000,30.000000,t2_vlandia_horse,resolved,,,,110.000000,130.000000,130.000000,56.638246,53.846154,10.000000,62.500000,20.000000,58.598878,30.000000,51.396046,49.976725,66,66,true,arithmetic_mean_across_rosters_and_within_slot_alternatives,xml_structural,false,defensive_role_scores_v2_candidate
vale_elite_voulgier,Vale Elite Voulgier,vale,26.000000,Cavalry,cavalry,1,1.000000,1.000000,162.000000,49.200000,280.000000,1.000000,75.000000,40.000000,58.000000,58.000000,30.000000,30.000000,t2_vlandia_horse,resolved,,,,110.000000,130.000000,130.000000,56.638246,53.846154,10.000000,62.500000,20.000000,58.598878,30.000000,51.396046,49.976725,66,66,true,arithmetic_mean_across_rosters_and_within_slot_alternatives,xml_structural,false,defensive_role_scores_v2_candidate
dragonstone_knight,Dragonstone Knight,dragonstone,21.000000,Cavalry,cavalry,1,1.000000,1.000000,170.000000,51.400000,300.000000,10.000000,35.000000,10.000000,53.000000,61.000000,22.000000,22.000000,vlandia_horse,resolved,,,,100.000000,100.000000,100.000000,61.997564,57.692308,100.000000,29.166667,5.000000,51.688746,15.000000,50.985961,47.457643,68,80,true,arithmetic_mean_across_rosters_and_within_slot_alternatives,xml_structural,false,defensive_role_scores_v2_candidate
lannister_horseman,Lannister Horseman,vlandia,21.000000,Cavalry,cavalry,1,1.000000,1.000000,164.000000,48.000000,400.000000,8.000000,45.000000,10.000000,53.000000,61.000000,22.000000,22.000000,vlandia_horse,resolved,,,,100.000000,100.000000,110.000000,53.714982,76.923077,80.000000,37.500000,5.000000,51.688746,20.000000,50.395952,47.485636,69,79,true,arithmetic_mean_across_rosters_and_within_slot_alternatives,xml_structural,false,defensive_role_scores_v2_candidate
targ_knight,Targaryen Knight,valyrian,21.000000,Cavalry,cavalry,1,1.000000,1.000000,142.000000,48.100000,400.000000,7.000000,45.000000,10.000000,53.000000,61.000000,22.000000,22.000000,vlandia_horse,resolved,,,,120.000000,110.000000,120.000000,53.958587,76.923077,70.000000,37.500000,5.000000,53.443132,25.000000,50.017755,47.858517,70,76,true,arithmetic_mean_across_rosters_and_within_slot_alternatives,xml_structural,false,defensive_role_scores_v2_candidate
river_calvary,Riverlands Cavalry,river,26.000000,Cavalry,cavalry,1,1.000000,1.000000,162.000000,44.700000,370.000000,1.000000,75.000000,70.000000,55.000000,66.000000,22.000000,22.000000,t2_battania_horse,resolved,,,,110.000000,130.000000,130.000000,45.676005,71.153846,10.000000,62.500000,35.000000,61.236424,30.000000,50.011079,49.132506,71,70,true,arithmetic_mean_across_rosters_and_within_slot_alternatives,xml_structural,false,defensive_role_scores_v2_candidate
boneway_guardian,Boneway Guardian,aserai,31.000000,Cavalry,cavalry,1,1.000000,1.000000,147.000000,48.450000,280.000000,1.000000,75.000000,20.000000,60.000000,73.000000,18.000000,18.000000,t2_aserai_horse,resolved,,,,230.000000,230.000000,240.000000,54.811206,53.846154,10.000000,62.500000,10.000000,86.275212,85.000000,49.482526,56.713542,72,43,true,arithmetic_mean_across_rosters_and_within_slot_alternatives,xml_structural,false,defensive_role_scores_v2_candidate
yronwood_knight,Yronwood Knight,aserai,26.000000,Cavalry,cavalry,1,1.000000,1.000000,147.000000,48.450000,280.000000,1.000000,75.000000,20.000000,60.000000,73.000000,18.000000,18.000000,t2_aserai_horse,resolved,,,,130.000000,140.000000,130.000000,54.811206,53.846154,10.000000,62.500000,10.000000,70.485738,30.000000,49.482526,49.634595,72,69,true,arithmetic_mean_across_rosters_and_within_slot_alternatives,xml_structural,false,defensive_role_scores_v2_candidate
blackwood_horseman,Blackwood Horseman,river,26.000000,Cavalry,cavalry,1,1.000000,1.000000,155.000000,43.450000,300.000000,10.000000,75.000000,40.000000,58.000000,58.000000,30.000000,30.000000,t2_vlandia_horse,resolved,,,,110.000000,130.000000,130.000000,42.630938,57.692308,100.000000,62.500000,20.000000,58.598878,30.000000,49.469315,48.435340,74,72,true,arithmetic_mean_across_rosters_and_within_slot_alternatives,xml_structural,false,defensive_role_scores_v2_candidate
stormlands_horseman,Stormlands Horseman,stormlands,26.000000,Cavalry,cavalry,1,1.000000,1.000000,151.000000,44.650000,300.000000,10.000000,75.000000,10.000000,53.000000,61.000000,22.000000,22.000000,vlandia_horse,resolved,,,,120.000000,130.000000,130.000000,45.554202,57.692308,100.000000,62.500000,5.000000,56.951904,30.000000,49.430947,48.239948,75,73,true,arithmetic_mean_across_rosters_and_within_slot_alternatives,xml_structural,false,defensive_role_scores_v2_candidate
sarnor_highking_guardian,High King Guardian,sarnor,26.000000,Cavalry,cavalry,1,1.000000,1.000000,155.000000,46.850000,350.000000,1.000000,65.000000,40.000000,59.000000,69.000000,19.000000,19.000000,t2_khuzait_horse,resolved,,,,120.000000,130.000000,130.000000,50.913520,67.307692,10.000000,54.166667,20.000000,65.711899,30.000000,48.886247,48.680187,76,71,true,arithmetic_mean_across_rosters_and_within_slot_alternatives,xml_structural,false,defensive_role_scores_v2_candidate
nightswatch_horseman,Night's Watch Horseman,nightswatch,26.000000,Cavalry,cavalry,1,1.000000,1.000000,153.000000,47.750000,225.000000,1.000000,77.000000,50.000000,42.000000,56.000000,10.000000,10.000000,battania_horse_tournament,resolved,,,,110.000000,130.000000,130.000000,53.105968,43.269231,10.000000,64.166667,25.000000,46.544934,30.000000,48.876702,46.755855,77,86,true,arithmetic_mean_across_rosters_and_within_slot_alternatives,xml_structural,false,defensive_role_scores_v2_candidate
valyrian_knight,Valyrian Knight,valyrian,21.000000,Cavalry,cavalry,1,1.000000,1.000000,163.000000,49.650000,300.000000,10.000000,35.000000,10.000000,53.000000,61.000000,22.000000,22.000000,vlandia_horse,resolved,,,,120.000000,110.000000,120.000000,57.734470,57.692308,100.000000,29.166667,5.000000,53.443132,25.000000,48.854415,46.927845,78,85,true,arithmetic_mean_across_rosters_and_within_slot_alternatives,xml_structural,false,defensive_role_scores_v2_candidate
tarly_knight,Tarly Knight,reach,26.000000,Cavalry,cavalry,1,1.000000,1.000000,174.000000,53.600000,280.000000,1.000000,35.000000,15.000000,48.000000,65.000000,16.000000,16.000000,hunter,resolved,,,,120.000000,130.000000,140.000000,67.356882,53.846154,10.000000,29.166667,7.500000,55.889724,35.000000,48.838697,48.159930,79,75,true,arithmetic_mean_across_rosters_and_within_slot_alternatives,xml_structural,false,defensive_role_scores_v2_candidate
bracken_horseman,Bracken Horseman,river,26.000000,Cavalry,cavalry,1,1.000000,1.000000,153.000000,42.750000,315.000000,9.000000,75.000000,40.000000,58.000000,58.000000,30.000000,30.000000,t2_vlandia_horse,resolved,,,,110.000000,130.000000,140.000000,40.925700,60.576923,90.000000,62.500000,20.000000,58.598878,35.000000,48.549389,48.199399,80,74,true,arithmetic_mean_across_rosters_and_within_slot_alternatives,xml_structural,false,defensive_role_scores_v2_candidate
ibbenese_horseman,Ibbenese Horseman,ibbenese,26.000000,Cavalry,cavalry,1,1.000000,1.000000,167.000000,47.750000,330.000000,9.000000,40.000000,15.000000,48.000000,65.000000,16.000000,16.000000,hunter,resolved,,,,120.000000,130.000000,130.000000,53.105968,63.461538,90.000000,33.333333,7.500000,55.889724,30.000000,47.988882,46.980078,81,84,true,arithmetic_mean_across_rosters_and_within_slot_alternatives,xml_structural,false,defensive_role_scores_v2_candidate
tyrell_knight,Tyrell Horseman,reach,26.000000,Cavalry,cavalry,1,1.000000,1.000000,149.000000,43.550000,430.000000,1.000000,75.000000,15.000000,48.000000,65.000000,16.000000,16.000000,hunter,resolved,,,,130.000000,140.000000,140.000000,42.874543,82.692308,10.000000,62.500000,7.500000,57.644110,35.000000,47.591118,47.337305,82,81,true,arithmetic_mean_across_rosters_and_within_slot_alternatives,xml_structural,false,defensive_role_scores_v2_candidate
celtigar_horseman,Celtigar Horseman,dragonstone,21.000000,Cavalry,cavalry,1,1.000000,1.000000,166.000000,48.400000,315.000000,9.000000,35.000000,10.000000,53.000000,61.000000,22.000000,22.000000,vlandia_horse,resolved,,,,90.000000,100.000000,100.000000,54.689403,60.576923,90.000000,29.166667,5.000000,51.688746,15.000000,47.264573,44.480533,83,89,true,arithmetic_mean_across_rosters_and_within_slot_alternatives,xml_structural,false,defensive_role_scores_v2_candidate
lyseni_cavalry,Lyseni Cavalry,lyseni,26.000000,Cavalry,cavalry,1,1.000000,1.000000,159.000000,45.350000,390.000000,1.000000,65.000000,20.000000,60.000000,73.000000,18.000000,18.000000,t2_aserai_horse,resolved,,,,80.000000,130.000000,130.000000,47.259440,75.000000,10.000000,54.166667,10.000000,68.731352,30.000000,47.213053,47.643578,84,78,true,arithmetic_mean_across_rosters_and_within_slot_alternatives,xml_structural,false,defensive_role_scores_v2_candidate
karstark_shock_cavalry,Karstark Shock Cavalry,battania,26.000000,Cavalry,cavalry,1,1.000000,1.000000,153.000000,45.350000,225.000000,1.000000,77.000000,70.000000,55.000000,66.000000,22.000000,22.000000,t2_battania_horse,resolved,,,,110.000000,130.000000,150.000000,47.259440,43.269231,10.000000,64.166667,35.000000,61.236424,40.000000,46.953438,47.686393,85,77,true,arithmetic_mean_across_rosters_and_within_slot_alternatives,xml_structural,false,defensive_role_scores_v2_candidate
tyroshi_cavalry,Tyroshi Cavalry,tyroshi,26.000000,Cavalry,cavalry,1,1.000000,1.000000,157.000000,45.150000,380.000000,1.000000,65.000000,20.000000,60.000000,73.000000,18.000000,18.000000,t2_aserai_horse,resolved,,,,80.000000,130.000000,130.000000,46.772229,73.076923,10.000000,54.166667,10.000000,68.731352,30.000000,46.680986,47.217924,86,83,true,arithmetic_mean_across_rosters_and_within_slot_alternatives,xml_structural,false,defensive_role_scores_v2_candidate
reach_knight,Reach Horseman,reach,26.000000,Cavalry,cavalry,1,1.000000,1.000000,156.000000,44.400000,350.000000,1.000000,75.000000,20.000000,54.000000,60.000000,26.000000,26.000000,t2_empire_horse,resolved,,,,120.000000,140.000000,140.000000,44.945189,67.307692,10.000000,62.500000,10.000000,58.801766,35.000000,46.568748,46.635175,87,87,true,arithmetic_mean_across_rosters_and_within_slot_alternatives,xml_structural,false,defensive_role_scores_v2_candidate
tigercloak_camel_cavalry,Volantene Mahout,volantine,26.000000,Cavalry,cavalry,1,1.000000,1.000000,168.000000,50.600000,360.000000,1.000000,30.000000,0.000000,20.000000,20.000000,350.000000,350.000000,elephant,resolved,,,outsized mount,110.000000,130.000000,130.000000,60.048721,69.230769,10.000000,25.000000,0.000000,10.526316,30.000000,45.908976,40.779812,88,100,true,arithmetic_mean_across_rosters_and_within_slot_alternatives,xml_structural,false,defensive_role_scores_v2_candidate
yronwood_horseman,Yronwood Horseman,aserai,21.000000,Cavalry,cavalry,1,1.000000,1.000000,147.000000,48.450000,280.000000,8.000000,35.000000,10.000000,54.000000,59.000000,14.000000,14.000000,aserai_horse,resolved,,,,100.000000,100.000000,100.000000,54.811206,53.846154,80.000000,29.166667,5.000000,51.199427,15.000000,45.815859,43.272630,89,94,true,arithmetic_mean_across_rosters_and_within_slot_alternatives,xml_structural,false,defensive_role_scores_v2_candidate
cerwyn_horseman,Cerwyn Horseman,battania,26.000000,Cavalry,cavalry,1,1.000000,1.000000,147.000000,42.750000,520.000000,1.000000,35.000000,70.000000,55.000000,66.000000,22.000000,22.000000,t2_battania_horse,resolved,,,,130.000000,130.000000,130.000000,40.925700,100.000000,10.000000,29.166667,35.000000,61.236424,30.000000,45.296184,45.360590,90,88,true,arithmetic_mean_across_rosters_and_within_slot_alternatives,xml_structural,false,defensive_role_scores_v2_candidate
greyjoy_rider,Greyjoy Rider,sturgia,21.000000,Cavalry,cavalry,1,1.000000,1.000000,164.000000,48.200000,305.000000,1.000000,45.000000,20.000000,51.000000,63.000000,18.000000,18.000000,sturgia_horse,resolved,,,,100.000000,100.000000,100.000000,54.202192,58.653846,10.000000,37.500000,10.000000,51.497792,15.000000,44.899173,42.569118,91,95,true,arithmetic_mean_across_rosters_and_within_slot_alternatives,xml_structural,false,defensive_role_scores_v2_candidate
tarth_horseman,Tarth Horseman,stormlands,26.000000,Cavalry,cavalry,1,1.000000,1.000000,167.000000,46.250000,300.000000,10.000000,35.000000,10.000000,53.000000,61.000000,22.000000,22.000000,vlandia_horse,resolved,,,,120.000000,130.000000,130.000000,49.451888,57.692308,100.000000,29.166667,5.000000,56.951904,30.000000,44.713123,44.465689,92,90,true,arithmetic_mean_across_rosters_and_within_slot_alternatives,xml_structural,false,defensive_role_scores_v2_candidate
qartheen_master_cameleer,Qartheen Master Cameleer,qartheen,26.000000,Cavalry,cavalry,1,1.000000,1.000000,161.000000,44.150000,360.000000,9.000000,10.000000,90.000000,48.000000,69.000000,28.000000,28.000000,special_camel,resolved,,,,120.000000,130.000000,130.000000,44.336175,69.230769,90.000000,8.333333,45.000000,58.228906,30.000000,43.219370,43.398387,93,92,true,arithmetic_mean_across_rosters_and_within_slot_alternatives,xml_structural,false,defensive_role_scores_v2_candidate
valyrian_scout,Valyrian Scout,valyrian,21.000000,Cavalry,cavalry,1,1.000000,1.000000,149.000000,43.750000,400.000000,7.000000,35.000000,10.000000,53.000000,61.000000,22.000000,22.000000,vlandia_horse,resolved,,,,100.000000,110.000000,110.000000,43.361754,76.923077,70.000000,29.166667,5.000000,53.443132,20.000000,43.052672,41.786451,94,98,true,arithmetic_mean_across_rosters_and_within_slot_alternatives,xml_structural,false,defensive_role_scores_v2_candidate
qohorik_horseman,Qohorik Horseman,qohorik,21.000000,Cavalry,cavalry,1,1.000000,1.000000,149.000000,43.550000,380.000000,9.000000,35.000000,0.000000,54.000000,67.000000,16.000000,16.000000,khuzait_horse,resolved,,,,60.000000,110.000000,110.000000,42.874543,73.076923,90.000000,29.166667,0.000000,57.632176,20.000000,42.732143,41.948932,95,97,true,arithmetic_mean_across_rosters_and_within_slot_alternatives,xml_structural,false,defensive_role_scores_v2_candidate
norvos_priestguard,Norvoshi Priest Guard,norvos,26.000000,Cavalry,cavalry,1,1.000000,1.000000,154.000000,43.700000,250.000000,1.000000,65.000000,40.000000,59.000000,69.000000,19.000000,19.000000,t2_khuzait_horse,resolved,,,,120.000000,130.000000,130.000000,43.239951,48.076923,10.000000,54.166667,20.000000,65.711899,30.000000,42.164847,43.303067,96,93,true,arithmetic_mean_across_rosters_and_within_slot_alternatives,xml_structural,false,defensive_role_scores_v2_candidate
martell_rider,Martell Rider,aserai,21.000000,Cavalry,cavalry,1,1.000000,1.000000,142.000000,41.400000,380.000000,9.000000,40.000000,10.000000,54.000000,59.000000,14.000000,14.000000,aserai_horse,resolved,,,,100.000000,110.000000,100.000000,37.637028,73.076923,90.000000,33.333333,5.000000,52.953813,15.000000,41.446719,39.952757,97,103,true,arithmetic_mean_across_rosters_and_within_slot_alternatives,xml_structural,false,defensive_role_scores_v2_candidate
pentoshi_horseman,Pentoshi Horseman,pentoshi,21.000000,Cavalry,cavalry,1,1.000000,1.000000,143.000000,42.850000,360.000000,9.000000,35.000000,0.000000,54.000000,67.000000,16.000000,16.000000,khuzait_horse,resolved,,triangular_spear_t3:Item2,,60.000000,110.000000,110.000000,41.169306,69.230769,90.000000,29.166667,0.000000,57.632176,20.000000,41.302602,40.805299,98,99,true,arithmetic_mean_across_rosters_and_within_slot_alternatives,xml_structural,false,defensive_role_scores_v2_candidate
goldcloak_captain,Gold Cloak Captain,crownlands,26.000000,Cavalry,cavalry,1,1.000000,1.000000,154.000000,45.100000,350.000000,1.000000,35.000000,20.000000,54.000000,60.000000,26.000000,26.000000,t2_empire_horse,resolved,,,,120.000000,140.000000,140.000000,46.650426,67.307692,10.000000,29.166667,10.000000,58.801766,35.000000,40.754700,41.983937,99,96,true,arithmetic_mean_across_rosters_and_within_slot_alternatives,xml_structural,false,defensive_role_scores_v2_candidate
golden_rider,Golden Steed Riders,volantine,21.000000,Cavalry,cavalry,2,1.000000,1.000000,134.000000,42.800000,420.000000,1.000000,35.000000,10.000000,54.000000,59.000000,14.000000,14.000000,aserai_horse,resolved,,,,90.000000,110.000000,100.000000,41.047503,80.769231,10.000000,29.166667,5.000000,52.953813,15.000000,39.472469,38.373357,100,105,true,arithmetic_mean_across_rosters_and_within_slot_alternatives,xml_structural,false,defensive_role_scores_v2_candidate
freefolk_horseman,Free Folk Horseman,freefolk,26.000000,Cavalry,cavalry,1,1.000000,1.000000,148.000000,39.800000,300.000000,4.000000,65.000000,20.000000,51.000000,63.000000,18.000000,18.000000,sturgia_horse,resolved,,,,120.000000,130.000000,130.000000,33.739342,57.692308,40.000000,54.166667,10.000000,56.760950,30.000000,39.356851,40.161576,101,102,true,arithmetic_mean_across_rosters_and_within_slot_alternatives,xml_structural,false,defensive_role_scores_v2_candidate
stormlands_thunderknight,Stormlands Thunder Knight,stormlands,31.000000,Cavalry,cavalry,1,0.000000,1.000000,158.000000,45.000000,0.000000,0.000000,75.000000,70.000000,55.000000,66.000000,22.000000,22.000000,t2_battania_horse,resolved,,,,220.000000,230.000000,230.000000,46.406821,0.000000,0.000000,62.500000,35.000000,78.780284,80.000000,39.203410,47.240756,102,82,true,arithmetic_mean_across_rosters_and_within_slot_alternatives,xml_structural,false,defensive_role_scores_v2_candidate
dayne_horseman,Dayne Horseman,aserai,21.000000,Cavalry,cavalry,1,1.000000,1.000000,149.000000,42.150000,280.000000,8.000000,35.000000,10.000000,54.000000,59.000000,14.000000,14.000000,aserai_horse,resolved,,,,100.000000,100.000000,100.000000,39.464068,53.846154,80.000000,29.166667,5.000000,51.199427,15.000000,38.142291,37.133776,103,110,true,arithmetic_mean_across_rosters_and_within_slot_alternatives,xml_structural,false,defensive_role_scores_v2_candidate
ghiscari_queens_guard,Ghiscari Queen's Guard,ghiscari,26.000000,Cavalry,cavalry,1,1.000000,1.000000,144.000000,42.500000,195.000000,1.000000,65.000000,20.000000,60.000000,73.000000,18.000000,18.000000,t2_aserai_horse,resolved,,,,120.000000,130.000000,130.000000,40.316687,37.500000,10.000000,54.166667,10.000000,68.731352,30.000000,38.116677,40.366477,104,101,true,arithmetic_mean_across_rosters_and_within_slot_alternatives,xml_structural,false,defensive_role_scores_v2_candidate
stark_horseman,Stark Horseman,battania,21.000000,Cavalry,cavalry,2,1.000000,1.000000,134.500000,36.525000,420.000000,9.000000,45.000000,20.000000,52.000000,57.000000,20.000000,20.000000,battania_horse,resolved,,,,100.000000,100.000000,100.000000,25.761267,80.769231,90.000000,37.500000,10.000000,48.669292,15.000000,37.996018,36.763744,105,112,true,arithmetic_mean_across_rosters_and_within_slot_alternatives,xml_structural,false,defensive_role_scores_v2_candidate
arryn_horseman,Arryn Horseman,vale,21.000000,Cavalry,cavalry,1,1.000000,1.000000,125.000000,41.350000,370.000000,1.000000,45.000000,10.000000,53.000000,55.000000,20.000000,20.000000,empire_horse,resolved,,,,100.000000,110.000000,110.000000,37.515225,71.153846,10.000000,37.500000,5.000000,49.934360,20.000000,37.930690,37.337988,106,108,true,arithmetic_mean_across_rosters_and_within_slot_alternatives,xml_structural,false,defensive_role_scores_v2_candidate
baratheon_horseman,Baratheon Horseman,stormlands,21.000000,Cavalry,cavalry,2,1.000000,1.000000,149.000000,41.350000,370.000000,1.000000,45.000000,10.000000,53.000000,61.000000,22.000000,22.000000,vlandia_horse,resolved,,,,90.000000,100.000000,100.000000,37.515225,71.153846,10.000000,37.500000,5.000000,51.688746,15.000000,37.930690,37.013427,106,111,true,arithmetic_mean_across_rosters_and_within_slot_alternatives,xml_structural,false,defensive_role_scores_v2_candidate
yiti_rider,Yi Ti Rider,yiti,21.000000,Cavalry,cavalry,1,1.000000,1.000000,137.000000,42.950000,360.000000,9.000000,12.000000,0.000000,54.000000,67.000000,16.000000,16.000000,khuzait_horse,resolved,,,,90.000000,110.000000,100.000000,41.412911,69.230769,90.000000,10.000000,0.000000,57.632176,15.000000,37.591071,37.336074,108,109,true,arithmetic_mean_across_rosters_and_within_slot_alternatives,xml_structural,false,defensive_role_scores_v2_candidate
bolton_horseman,Bolton Horseman,battania,21.000000,Cavalry,cavalry,1,1.000000,1.000000,124.000000,40.500000,360.000000,1.000000,45.000000,20.000000,52.000000,57.000000,20.000000,20.000000,battania_horse,resolved,,,,90.000000,100.000000,100.000000,35.444580,69.230769,10.000000,37.500000,10.000000,48.669292,15.000000,37.106905,36.052453,109,113,true,arithmetic_mean_across_rosters_and_within_slot_alternatives,xml_structural,false,defensive_role_scores_v2_candidate
frey_horseman,Frey Horseman,river,26.000000,Cavalry,cavalry,1,1.000000,1.000000,141.000000,42.350000,225.000000,1.000000,35.000000,70.000000,55.000000,66.000000,22.000000,22.000000,t2_battania_horse,resolved,,,,110.000000,130.000000,140.000000,39.951279,43.269231,10.000000,29.166667,35.000000,61.236424,35.000000,36.299357,38.663128,110,104,true,arithmetic_mean_across_rosters_and_within_slot_alternatives,xml_structural,false,defensive_role_scores_v2_candidate
stormlands_fell_knight,Stormlands Fell Knight,stormlands,26.000000,Cavalry,cavalry,1,0.000000,1.000000,158.000000,45.000000,0.000000,0.000000,75.000000,10.000000,53.000000,61.000000,22.000000,22.000000,vlandia_horse,resolved,,,,130.000000,130.000000,140.000000,46.406821,0.000000,0.000000,62.500000,5.000000,56.951904,35.000000,36.203410,38.157918,111,106,true,arithmetic_mean_across_rosters_and_within_slot_alternatives,xml_structural,false,defensive_role_scores_v2_candidate
hightower_horseman,Hightower Horseman,reach,21.000000,Cavalry,cavalry,1,1.000000,1.000000,152.000000,43.400000,280.000000,1.000000,35.000000,10.000000,53.000000,55.000000,20.000000,20.000000,empire_horse,resolved,,,,90.000000,100.000000,100.000000,42.509135,53.846154,10.000000,29.166667,5.000000,48.179974,15.000000,36.164824,35.249857,112,115,true,arithmetic_mean_across_rosters_and_within_slot_alternatives,xml_structural,false,defensive_role_scores_v2_candidate
summer_horseman,Summer Isles Horseman,summer,26.000000,Cavalry,cavalry,1,1.000000,1.000000,154.000000,46.500000,260.000000,1.000000,15.000000,10.000000,54.000000,59.000000,14.000000,14.000000,aserai_horse,resolved,,,,110.000000,130.000000,140.000000,50.060901,50.000000,10.000000,12.500000,5.000000,56.462585,35.000000,36.030451,37.970619,113,107,true,arithmetic_mean_across_rosters_and_within_slot_alternatives,xml_structural,false,defensive_role_scores_v2_candidate
harlaw_rider,Harlaw Scout,sturgia,21.000000,Cavalry,cavalry,1,1.000000,1.000000,158.000000,42.200000,305.000000,1.000000,35.000000,20.000000,51.000000,63.000000,18.000000,18.000000,sturgia_horse,resolved,,,,100.000000,100.000000,100.000000,39.585871,58.653846,10.000000,29.166667,10.000000,51.497792,15.000000,35.924346,35.389256,114,114,true,arithmetic_mean_across_rosters_and_within_slot_alternatives,xml_structural,false,defensive_role_scores_v2_candidate
vale_knight,Vale Knight,vale,21.000000,Cavalry,cavalry,1,1.000000,1.000000,130.000000,43.100000,280.000000,1.000000,35.000000,10.000000,53.000000,55.000000,20.000000,20.000000,empire_horse,resolved,,,,90.000000,110.000000,100.000000,41.778319,53.846154,10.000000,29.166667,5.000000,49.934360,15.000000,35.799416,35.132969,115,118,true,arithmetic_mean_across_rosters_and_within_slot_alternatives,xml_structural,false,defensive_role_scores_v2_candidate
vale_lancer,Vale Lancer,vale,21.000000,Cavalry,cavalry,1,1.000000,1.000000,121.000000,40.150000,280.000000,8.000000,35.000000,10.000000,53.000000,55.000000,20.000000,20.000000,empire_horse,resolved,,,,90.000000,100.000000,100.000000,34.591961,53.846154,80.000000,29.166667,5.000000,48.179974,15.000000,35.706237,34.882987,116,120,true,arithmetic_mean_across_rosters_and_within_slot_alternatives,xml_structural,false,defensive_role_scores_v2_candidate
vale_voulgier,Vale Voulgier,vale,21.000000,Cavalry,cavalry,1,1.000000,1.000000,121.000000,40.150000,280.000000,8.000000,35.000000,10.000000,53.000000,55.000000,20.000000,20.000000,empire_horse,resolved,,,,90.000000,100.000000,100.000000,34.591961,53.846154,80.000000,29.166667,5.000000,48.179974,15.000000,35.706237,34.882987,116,120,true,arithmetic_mean_across_rosters_and_within_slot_alternatives,xml_structural,false,defensive_role_scores_v2_candidate
grafton_rider,Grafton Rider,vale,21.000000,Cavalry,cavalry,1,1.000000,1.000000,122.000000,39.900000,280.000000,8.000000,35.000000,10.000000,53.000000,61.000000,22.000000,22.000000,vlandia_horse,resolved,,,,90.000000,100.000000,100.000000,33.982948,53.846154,80.000000,29.166667,5.000000,51.688746,15.000000,35.401730,34.990259,118,119,true,arithmetic_mean_across_rosters_and_within_slot_alternatives,xml_structural,false,defensive_role_scores_v2_candidate
sarnor_cavalry,Sarnori Cavalry,sarnor,21.000000,Cavalry,cavalry,1,1.000000,1.000000,129.000000,37.250000,350.000000,1.000000,65.000000,0.000000,54.000000,67.000000,16.000000,16.000000,khuzait_horse,resolved,,,,90.000000,100.000000,100.000000,27.527406,67.307692,10.000000,54.166667,0.000000,55.877790,15.000000,35.193190,35.242331,119,116,true,arithmetic_mean_across_rosters_and_within_slot_alternatives,xml_structural,false,defensive_role_scores_v2_candidate
myrish_horseman,Myrish Horseman,myrish,21.000000,Cavalry,cavalry,1,1.000000,1.000000,150.000000,43.500000,240.000000,1.000000,35.000000,10.000000,54.000000,59.000000,14.000000,14.000000,aserai_horse,resolved,,,,60.000000,100.000000,100.000000,42.752741,46.153846,10.000000,29.166667,5.000000,51.199427,15.000000,35.132781,34.726168,120,122,true,arithmetic_mean_across_rosters_and_within_slot_alternatives,xml_structural,false,defensive_role_scores_v2_candidate
dragonstone_rider,Dragonstone Rider,dragonstone,21.000000,Cavalry,cavalry,1,1.000000,1.000000,136.000000,37.900000,315.000000,9.000000,35.000000,10.000000,53.000000,61.000000,22.000000,22.000000,vlandia_horse,resolved,,,,90.000000,100.000000,100.000000,29.110840,60.576923,90.000000,29.166667,5.000000,51.688746,15.000000,34.475292,34.249108,121,124,true,arithmetic_mean_across_rosters_and_within_slot_alternatives,xml_structural,false,defensive_role_scores_v2_candidate
sarnor_spider,Sarnori Spider,sarnor,31.000000,Cavalry,cavalry,1,0.000000,1.000000,155.000000,46.850000,0.000000,0.000000,41.000000,40.000000,59.000000,69.000000,19.000000,19.000000,t2_khuzait_horse,resolved,,,,230.000000,260.000000,230.000000,50.913520,0.000000,0.000000,34.166667,20.000000,88.518916,80.000000,34.290093,44.283966,122,91,true,arithmetic_mean_across_rosters_and_within_slot_alternatives,xml_structural,false,defensive_role_scores_v2_candidate
norvos_cavalry,Norvoshi Cavalry,norvos,21.000000,Cavalry,cavalry,1,1.000000,1.000000,154.000000,43.700000,215.000000,1.000000,35.000000,0.000000,54.000000,67.000000,16.000000,16.000000,khuzait_horse,resolved,,,,90.000000,100.000000,100.000000,43.239951,41.346154,10.000000,29.166667,0.000000,55.877790,15.000000,34.155232,34.411965,123,123,true,arithmetic_mean_across_rosters_and_within_slot_alternatives,xml_structural,false,defensive_role_scores_v2_candidate
mormont_mounted_huntress,Mormont Mounted Huntress,battania,26.000000,HorseArcher,cavalry,1,0.000000,1.000000,148.000000,41.900000,0.000000,0.000000,77.000000,20.000000,52.000000,57.000000,20.000000,20.000000,battania_horse,resolved,,,,130.000000,140.000000,130.000000,38.855055,0.000000,0.000000,64.166667,10.000000,55.686836,30.000000,33.260861,35.177372,124,117,true,arithmetic_mean_across_rosters_and_within_slot_alternatives,xml_structural,false,defensive_role_scores_v2_candidate
tarly_horseman,Tarly Horseman,reach,21.000000,Cavalry,cavalry,1,1.000000,1.000000,126.000000,42.700000,280.000000,1.000000,18.000000,10.000000,53.000000,55.000000,20.000000,20.000000,empire_horse,resolved,,,,90.000000,100.000000,100.000000,40.803898,53.846154,10.000000,15.000000,5.000000,48.179974,15.000000,32.478872,32.301095,125,126,true,arithmetic_mean_across_rosters_and_within_slot_alternatives,xml_structural,false,defensive_role_scores_v2_candidate
dondarion_horseman,Dondarrion Horseman,stormlands,21.000000,Cavalry,cavalry,1,1.000000,1.000000,117.000000,35.950000,300.000000,10.000000,35.000000,10.000000,53.000000,61.000000,22.000000,22.000000,vlandia_horse,resolved,,,,70.000000,100.000000,100.000000,24.360536,57.692308,100.000000,29.166667,5.000000,51.688746,15.000000,32.167447,32.402832,126,125,true,arithmetic_mean_across_rosters_and_within_slot_alternatives,xml_structural,false,defensive_role_scores_v2_candidate
qartheen_cameleer,Qartheen Cameleer,qartheen,21.000000,Cavalry,cavalry,1,1.000000,1.000000,134.000000,36.800000,360.000000,9.000000,10.000000,25.000000,44.000000,60.000000,20.000000,20.000000,camel,resolved,,,,90.000000,100.000000,100.000000,26.431181,69.230769,90.000000,8.333333,12.500000,44.981501,15.000000,31.016873,30.811649,127,129,true,arithmetic_mean_across_rosters_and_within_slot_alternatives,xml_structural,false,defensive_role_scores_v2_candidate
lyseni_horseman,Lyseni Horseman,lyseni,21.000000,Cavalry,cavalry,1,1.000000,1.000000,135.000000,36.550000,390.000000,1.000000,35.000000,10.000000,54.000000,59.000000,14.000000,14.000000,aserai_horse,resolved,,,,60.000000,100.000000,100.000000,25.822168,75.000000,10.000000,29.166667,5.000000,51.199427,15.000000,30.994417,31.415476,128,128,true,arithmetic_mean_across_rosters_and_within_slot_alternatives,xml_structural,false,defensive_role_scores_v2_candidate
qartheen_camel_rider,Qartheen Camel Rider,qartheen,16.000000,Cavalry,cavalry,1,1.000000,1.000000,122.000000,36.200000,360.000000,9.000000,10.000000,25.000000,44.000000,60.000000,20.000000,20.000000,camel,resolved,,,,70.000000,70.000000,70.000000,24.969549,69.230769,90.000000,8.333333,12.500000,39.718343,0.000000,30.286057,28.200680,129,144,true,arithmetic_mean_across_rosters_and_within_slot_alternatives,xml_structural,false,defensive_role_scores_v2_candidate
summer_rider,Summer Isles Scout,summer,21.000000,Cavalry,cavalry,1,0.000000,1.000000,136.000000,48.200000,0.000000,0.000000,15.000000,10.000000,54.000000,59.000000,14.000000,14.000000,aserai_horse,resolved,,,,90.000000,100.000000,100.000000,54.202192,0.000000,0.000000,12.500000,5.000000,51.199427,15.000000,30.101096,30.700820,130,130,true,arithmetic_mean_across_rosters_and_within_slot_alternatives,xml_structural,false,defensive_role_scores_v2_candidate
tyroshi_horseman,Tyroshi Horseman,tyroshi,21.000000,Cavalry,cavalry,1,1.000000,1.000000,132.000000,36.000000,380.000000,1.000000,35.000000,10.000000,54.000000,59.000000,14.000000,14.000000,aserai_horse,resolved,,,,60.000000,100.000000,100.000000,24.482339,73.076923,10.000000,29.166667,5.000000,51.199427,15.000000,30.036041,30.648776,131,131,true,arithmetic_mean_across_rosters_and_within_slot_alternatives,xml_structural,false,defensive_role_scores_v2_candidate
goldcloak_rider,Gold Cloak Rider,crownlands,21.000000,Cavalry,cavalry,1,1.000000,1.000000,141.000000,38.350000,280.000000,1.000000,35.000000,10.000000,53.000000,55.000000,20.000000,20.000000,empire_horse,resolved,,,,90.000000,100.000000,100.000000,30.207065,53.846154,10.000000,29.166667,5.000000,48.179974,15.000000,30.013789,30.329029,132,134,true,arithmetic_mean_across_rosters_and_within_slot_alternatives,xml_structural,false,defensive_role_scores_v2_candidate
glover_rider,Glover Rider,battania,21.000000,Cavalry,cavalry,1,1.000000,1.000000,142.000000,41.400000,225.000000,1.000000,18.000000,20.000000,52.000000,57.000000,20.000000,20.000000,battania_horse,resolved,,,,100.000000,100.000000,100.000000,37.637028,43.269231,10.000000,15.000000,10.000000,48.669292,15.000000,29.808899,30.214048,133,136,true,arithmetic_mean_across_rosters_and_within_slot_alternatives,xml_structural,false,defensive_role_scores_v2_candidate
cerwyn_scout,Cerwyn Scout,battania,21.000000,Cavalry,cavalry,1,1.000000,1.000000,137.000000,37.250000,390.000000,1.000000,18.000000,20.000000,52.000000,57.000000,20.000000,20.000000,battania_horse,resolved,,,,100.000000,100.000000,100.000000,27.527406,75.000000,10.000000,15.000000,10.000000,48.669292,15.000000,29.513703,29.977892,134,137,true,arithmetic_mean_across_rosters_and_within_slot_alternatives,xml_structural,false,defensive_role_scores_v2_candidate
bracken_rider,Bracken Rider,river,21.000000,Cavalry,cavalry,1,1.000000,1.000000,118.000000,35.000000,280.000000,8.000000,35.000000,10.000000,53.000000,61.000000,22.000000,22.000000,vlandia_horse,resolved,,,,90.000000,100.000000,100.000000,22.046285,53.846154,80.000000,29.166667,5.000000,51.688746,15.000000,29.433399,30.215594,135,135,true,arithmetic_mean_across_rosters_and_within_slot_alternatives,xml_structural,false,defensive_role_scores_v2_candidate
tigercloak_rider,Volantene Rider,volantine,21.000000,Cavalry,cavalry,1,1.000000,1.000000,134.000000,38.700000,360.000000,1.000000,18.000000,0.000000,54.000000,67.000000,16.000000,16.000000,khuzait_horse,resolved,,,,90.000000,100.000000,100.000000,31.059683,69.230769,10.000000,15.000000,0.000000,55.877790,15.000000,29.414457,30.619345,136,132,true,arithmetic_mean_across_rosters_and_within_slot_alternatives,xml_structural,false,defensive_role_scores_v2_candidate
ibbenese_rider,Ibbenese Rider,ibbenese,21.000000,Cavalry,cavalry,1,1.000000,1.000000,134.000000,36.200000,330.000000,9.000000,10.000000,15.000000,48.000000,65.000000,16.000000,16.000000,hunter,resolved,,,,90.000000,100.000000,100.000000,24.969549,63.461538,90.000000,8.333333,7.500000,50.626566,15.000000,28.920672,29.699194,137,140,true,arithmetic_mean_across_rosters_and_within_slot_alternatives,xml_structural,false,defensive_role_scores_v2_candidate
westerling_rider,Westerling Scout,vlandia,21.000000,Cavalry,cavalry,1,1.000000,1.000000,113.000000,34.450000,280.000000,8.000000,35.000000,10.000000,53.000000,61.000000,22.000000,22.000000,vlandia_horse,resolved,,,,90.000000,100.000000,100.000000,20.706456,53.846154,80.000000,29.166667,5.000000,51.688746,15.000000,28.763484,29.679662,138,141,true,arithmetic_mean_across_rosters_and_within_slot_alternatives,xml_structural,false,defensive_role_scores_v2_candidate
royce_rider,Royce Rider,vale,21.000000,Cavalry,cavalry,1,1.000000,1.000000,141.000000,37.850000,260.000000,6.000000,18.000000,10.000000,53.000000,55.000000,20.000000,20.000000,empire_horse,resolved,,,,100.000000,110.000000,110.000000,28.989038,50.000000,60.000000,15.000000,5.000000,49.934360,20.000000,28.494519,29.789051,139,138,true,arithmetic_mean_across_rosters_and_within_slot_alternatives,xml_structural,false,defensive_role_scores_v2_candidate
tully_rider,Tully Rider,river,21.000000,Cavalry,cavalry,1,1.000000,1.000000,119.000000,34.950000,205.000000,10.000000,35.000000,10.000000,53.000000,61.000000,22.000000,22.000000,vlandia_horse,resolved,,,,90.000000,110.000000,100.000000,21.924482,39.423077,100.000000,29.166667,5.000000,53.443132,15.000000,28.209036,29.411542,140,142,true,arithmetic_mean_across_rosters_and_within_slot_alternatives,xml_structural,false,defensive_role_scores_v2_candidate
karstark_outrider,Karstark Outrider,battania,21.000000,Cavalry,cavalry,1,1.000000,1.000000,136.000000,37.600000,225.000000,1.000000,35.000000,20.000000,52.000000,57.000000,20.000000,20.000000,battania_horse,resolved,,,,90.000000,100.000000,120.000000,28.380024,43.269231,10.000000,29.166667,10.000000,48.669292,25.000000,28.013730,29.777913,141,139,true,arithmetic_mean_across_rosters_and_within_slot_alternatives,xml_structural,false,defensive_role_scores_v2_candidate
qohorik_rider,Qohorik Rider,qohorik,16.000000,Cavalry,cavalry,1,1.000000,1.000000,123.000000,31.250000,380.000000,9.000000,35.000000,0.000000,54.000000,67.000000,16.000000,16.000000,khuzait_horse,resolved,,,,30.000000,70.000000,70.000000,12.911084,73.076923,90.000000,29.166667,0.000000,50.614632,0.000000,27.750414,27.261794,142,149,true,arithmetic_mean_across_rosters_and_within_slot_alternatives,xml_structural,false,defensive_role_scores_v2_candidate
sarnor_master_javelinier,Sarnori Master Javelinier,sarnor,26.000000,Cavalry,cavalry,1,0.000000,1.000000,155.000000,46.850000,0.000000,0.000000,10.000000,0.000000,54.000000,67.000000,16.000000,16.000000,khuzait_horse,resolved,,,,140.000000,150.000000,140.000000,50.913520,0.000000,0.000000,8.333333,0.000000,64.649720,35.000000,27.123427,31.663714,143,127,true,arithmetic_mean_across_rosters_and_within_slot_alternatives,xml_structural,false,defensive_role_scores_v2_candidate
velaryon_scout,Velaryon Scout,dragonstone,21.000000,Cavalry,cavalry,1,1.000000,1.000000,127.000000,31.750000,315.000000,9.000000,35.000000,10.000000,53.000000,61.000000,22.000000,22.000000,vlandia_horse,resolved,,,,90.000000,100.000000,100.000000,14.129111,60.576923,90.000000,29.166667,5.000000,51.688746,15.000000,26.984427,28.256416,144,143,true,arithmetic_mean_across_rosters_and_within_slot_alternatives,xml_structural,false,defensive_role_scores_v2_candidate
mormont_scout,Mormont Scout,battania,21.000000,Cavalry,cavalry,1,0.000000,1.000000,149.000000,42.450000,0.000000,0.000000,35.000000,20.000000,52.000000,57.000000,20.000000,20.000000,battania_horse,resolved,,,,100.000000,100.000000,100.000000,40.194884,0.000000,0.000000,29.166667,10.000000,48.669292,15.000000,26.930775,27.911549,145,145,true,arithmetic_mean_across_rosters_and_within_slot_alternatives,xml_structural,false,defensive_role_scores_v2_candidate
river_horseman,Riverlands Horseman,river,21.000000,Cavalry,cavalry,1,1.000000,1.000000,115.000000,33.550000,205.000000,10.000000,35.000000,10.000000,53.000000,61.000000,22.000000,22.000000,vlandia_horse,resolved,,,,90.000000,100.000000,100.000000,18.514007,39.423077,100.000000,29.166667,5.000000,51.688746,15.000000,26.503799,27.871914,146,146,true,arithmetic_mean_across_rosters_and_within_slot_alternatives,xml_structural,false,defensive_role_scores_v2_candidate
pentoshi_mounted_archer,Pentoshi Mounted Archer,pentoshi,26.000000,HorseArcher,cavalry,1,0.000000,1.000000,143.000000,42.850000,0.000000,0.000000,35.000000,0.000000,54.000000,67.000000,16.000000,16.000000,khuzait_horse,resolved,,,,80.000000,140.000000,130.000000,41.169306,0.000000,0.000000,29.166667,0.000000,62.895334,30.000000,26.417986,30.423922,147,133,true,arithmetic_mean_across_rosters_and_within_slot_alternatives,xml_structural,false,defensive_role_scores_v2_candidate
stormlands_knight,Stormlands Knight,stormlands,21.000000,Cavalry,cavalry,1,0.000000,1.000000,151.000000,44.650000,0.000000,0.000000,18.000000,10.000000,53.000000,61.000000,22.000000,22.000000,vlandia_horse,resolved,,,,100.000000,100.000000,100.000000,45.554202,0.000000,0.000000,15.000000,5.000000,51.688746,15.000000,26.277101,27.690555,148,148,true,arithmetic_mean_across_rosters_and_within_slot_alternatives,xml_structural,false,defensive_role_scores_v2_candidate
blackwood_scout,Blackwood Scout,river,21.000000,Cavalry,cavalry,1,1.000000,1.000000,111.000000,33.350000,205.000000,10.000000,35.000000,10.000000,53.000000,61.000000,22.000000,22.000000,vlandia_horse,resolved,,,,90.000000,110.000000,100.000000,18.026797,39.423077,100.000000,29.166667,5.000000,53.443132,15.000000,26.260193,27.852468,149,147,true,arithmetic_mean_across_rosters_and_within_slot_alternatives,xml_structural,false,defensive_role_scores_v2_candidate
casterly_squire,Casterly Rock Squire,vlandia,16.000000,Cavalry,cavalry,1,1.000000,1.000000,116.000000,36.000000,370.000000,1.000000,10.000000,10.000000,53.000000,61.000000,22.000000,22.000000,vlandia_horse,resolved,,,,80.000000,80.000000,80.000000,24.482339,71.153846,10.000000,8.333333,5.000000,48.179974,5.000000,25.580913,25.782728,150,154,true,arithmetic_mean_across_rosters_and_within_slot_alternatives,xml_structural,false,defensive_role_scores_v2_candidate
umber_scout,Umber Scout,battania,21.000000,Cavalry,cavalry,1,1.000000,1.000000,115.000000,35.850000,305.000000,1.000000,18.000000,20.000000,52.000000,57.000000,20.000000,20.000000,battania_horse,resolved,,,,90.000000,100.000000,100.000000,24.116931,58.653846,10.000000,15.000000,10.000000,48.669292,15.000000,25.356542,26.652163,151,150,true,arithmetic_mean_across_rosters_and_within_slot_alternatives,xml_structural,false,defensive_role_scores_v2_candidate
clegane_scout,Clegane Scout,vlandia,21.000000,Cavalry,cavalry,1,1.000000,1.000000,113.000000,35.750000,305.000000,1.000000,18.000000,10.000000,53.000000,61.000000,22.000000,22.000000,vlandia_horse,resolved,,,,90.000000,100.000000,100.000000,23.873325,58.653846,10.000000,15.000000,5.000000,51.688746,15.000000,24.734740,26.456667,152,151,true,arithmetic_mean_across_rosters_and_within_slot_alternatives,xml_structural,false,defensive_role_scores_v2_candidate
whiteharbor_squire,White Harbor Squire,battania,16.000000,Cavalry,cavalry,1,1.000000,1.000000,106.000000,30.700000,360.000000,9.000000,18.000000,20.000000,52.000000,57.000000,20.000000,20.000000,battania_horse,resolved,,,,80.000000,80.000000,80.000000,11.571255,69.230769,90.000000,15.000000,10.000000,45.160520,5.000000,24.670243,24.752246,153,158,true,arithmetic_mean_across_rosters_and_within_slot_alternatives,xml_structural,false,defensive_role_scores_v2_candidate
reach_rider,Reach Rider,reach,21.000000,Cavalry,cavalry,1,1.000000,1.000000,129.000000,33.950000,280.000000,1.000000,35.000000,10.000000,53.000000,55.000000,20.000000,20.000000,empire_horse,resolved,,,,90.000000,100.000000,100.000000,19.488429,53.846154,10.000000,29.166667,5.000000,48.179974,15.000000,24.654471,26.041574,154,152,true,arithmetic_mean_across_rosters_and_within_slot_alternatives,xml_structural,false,defensive_role_scores_v2_candidate
mallister_rider,Mallister Horseman,river,21.000000,Cavalry,cavalry,1,1.000000,1.000000,106.000000,30.700000,280.000000,8.000000,35.000000,10.000000,53.000000,61.000000,22.000000,22.000000,vlandia_horse,resolved,,,,90.000000,100.000000,100.000000,11.571255,53.846154,80.000000,29.166667,5.000000,51.688746,15.000000,24.195884,26.025582,155,153,true,arithmetic_mean_across_rosters_and_within_slot_alternatives,xml_structural,false,defensive_role_scores_v2_candidate
tarth_rider,Tarth Rider,stormlands,21.000000,Cavalry,cavalry,1,1.000000,1.000000,106.000000,32.200000,300.000000,10.000000,10.000000,10.000000,53.000000,61.000000,22.000000,22.000000,vlandia_horse,resolved,,,,70.000000,100.000000,100.000000,15.225335,57.692308,100.000000,8.333333,5.000000,51.688746,15.000000,23.433180,25.415419,156,155,true,arithmetic_mean_across_rosters_and_within_slot_alternatives,xml_structural,false,defensive_role_scores_v2_candidate
frey_rider,Frey Rider,river,21.000000,Cavalry,cavalry,1,1.000000,1.000000,129.000000,35.750000,225.000000,1.000000,18.000000,20.000000,52.000000,57.000000,20.000000,20.000000,battania_horse,resolved,,,,90.000000,100.000000,110.000000,23.873325,43.269231,10.000000,15.000000,10.000000,48.669292,20.000000,22.927047,25.208567,157,156,true,arithmetic_mean_across_rosters_and_within_slot_alternatives,xml_structural,false,defensive_role_scores_v2_candidate
ghiscari_cavalry,Ghiscari Cavalry,ghiscari,21.000000,Cavalry,cavalry,1,1.000000,1.000000,124.000000,34.500000,195.000000,1.000000,35.000000,10.000000,54.000000,59.000000,14.000000,14.000000,aserai_horse,resolved,,,,90.000000,100.000000,100.000000,20.828258,37.500000,10.000000,29.166667,5.000000,51.199427,15.000000,22.872462,24.917912,158,157,true,arithmetic_mean_across_rosters_and_within_slot_alternatives,xml_structural,false,defensive_role_scores_v2_candidate
tyrell_scout,Tyrell Scout,reach,21.000000,Cavalry,cavalry,1,1.000000,1.000000,105.000000,30.350000,430.000000,1.000000,18.000000,10.000000,53.000000,55.000000,20.000000,20.000000,empire_horse,resolved,,,,90.000000,110.000000,100.000000,10.718636,82.692308,10.000000,15.000000,5.000000,49.934360,15.000000,21.763164,23.903967,159,159,true,arithmetic_mean_across_rosters_and_within_slot_alternatives,xml_structural,false,defensive_role_scores_v2_candidate
vale_rider,Vale Rider,vale,16.000000,Cavalry,cavalry,1,1.000000,1.000000,91.000000,29.650000,280.000000,8.000000,18.000000,10.000000,53.000000,55.000000,20.000000,20.000000,empire_horse,resolved,,,,60.000000,70.000000,70.000000,9.013398,53.846154,80.000000,15.000000,5.000000,42.916816,0.000000,20.083622,20.358579,160,161,true,arithmetic_mean_across_rosters_and_within_slot_alternatives,xml_structural,false,defensive_role_scores_v2_candidate
arryn_rider,Arryn Rider,vale,16.000000,Cavalry,cavalry,1,1.000000,1.000000,105.000000,30.350000,370.000000,1.000000,18.000000,10.000000,53.000000,55.000000,20.000000,20.000000,empire_horse,resolved,,,,60.000000,70.000000,80.000000,10.718636,71.153846,10.000000,15.000000,5.000000,42.916816,5.000000,20.032395,20.817598,161,160,true,arithmetic_mean_across_rosters_and_within_slot_alternatives,xml_structural,false,defensive_role_scores_v2_candidate
ghiscari_horseman,Ghiscari Horseman,ghiscari,16.000000,Cavalry,cavalry,1,1.000000,1.000000,103.000000,31.350000,195.000000,1.000000,35.000000,10.000000,54.000000,59.000000,14.000000,14.000000,aserai_horse,resolved,,,,70.000000,70.000000,70.000000,13.154689,37.500000,10.000000,29.166667,5.000000,45.936269,0.000000,19.035678,19.822169,162,162,true,arithmetic_mean_across_rosters_and_within_slot_alternatives,xml_structural,false,defensive_role_scores_v2_candidate
norvos_horseman,Norvoshi Horseman,norvos,16.000000,Cavalry,cavalry,1,0.000000,1.000000,129.000000,34.750000,0.000000,0.000000,35.000000,0.000000,54.000000,67.000000,16.000000,16.000000,khuzait_horse,resolved,,,,70.000000,70.000000,70.000000,21.437272,0.000000,0.000000,29.166667,0.000000,50.614632,0.000000,16.551969,18.303038,163,164,true,arithmetic_mean_across_rosters_and_within_slot_alternatives,xml_structural,false,defensive_role_scores_v2_candidate
beastbound_wight,Beastbound Wight,whitewalker,26.000000,Cavalry,cavalry,1,0.000000,1.000000,93.000000,25.950000,0.000000,0.000000,50.000000,100.000000,50.000000,60.000000,30.000000,30.000000,wight_horse,resolved,,wildling_shield:Item2,,120.000000,130.000000,130.000000,0.000000,0.000000,0.000000,41.666667,50.000000,54.326292,30.000000,13.333333,19.099296,164,163,true,arithmetic_mean_across_rosters_and_within_slot_alternatives,xml_structural,false,defensive_role_scores_v2_candidate
ghiscari_mounted_archer,Ghiscari Mounted Archer,ghiscari,21.000000,HorseArcher,cavalry,1,0.000000,1.000000,117.000000,32.050000,0.000000,0.000000,12.000000,10.000000,54.000000,59.000000,14.000000,14.000000,aserai_horse,resolved,,,,80.000000,100.000000,90.000000,14.859927,0.000000,0.000000,10.000000,5.000000,51.199427,10.000000,9.929963,14.063913,165,165,true,arithmetic_mean_across_rosters_and_within_slot_alternatives,xml_structural,false,defensive_role_scores_v2_candidate
sarnor_horseman,Sarnori Horseman,sarnor,16.000000,Cavalry,cavalry,1,0.000000,1.000000,108.000000,28.700000,0.000000,0.000000,35.000000,0.000000,54.000000,67.000000,16.000000,16.000000,khuzait_horse,resolved,,,,70.000000,70.000000,70.000000,6.699147,0.000000,0.000000,29.166667,0.000000,50.614632,0.000000,9.182907,12.407789,166,166,true,arithmetic_mean_across_rosters_and_within_slot_alternatives,xml_structural,false,defensive_role_scores_v2_candidate
