batch,source_file,screenshot_id,image_file,image_sha256,captured_at,battle_id,screen_status,included_in_primary,decision,representative_or_prior,same_battle_group,visual_audit_status,reason
2026-07-27-normalized-only,screenshots_manifest.csv,screen_26_07_2026_22_28_43,26_07_2026_22_28_43.png,810ac8f1b4fb39d54714c83e4f895d7c2c47e6d35df46c4ccb23af266a8cff6b,2026-07-26T22:28:43-03:00,battle_20260726_222851_banefort,active_scoreboard_excluded,False,skip_nonfinal_or_superseded,,True,documented_existing_decision,active_scoreboard_excluded
2026-07-27-normalized-only,screenshots_manifest.csv,screen_26_07_2026_22_28_51,26_07_2026_22_28_51.png,2ac1b23d409148d3dfffe503f07e6b74e602871c15d387081e3b4a45c66b8e01,2026-07-26T22:28:51-03:00,battle_20260726_222851_banefort,final_result,True,keep_grouped_pending_visual_representative_audit,battle_20260726_222851_banefort,True,blocked_raw_screenshot_not_retained,"Multiple primary screens share one battle ID, so independence is preserved; raw pixels are unavailable here to choose representative versus supplemental."
2026-07-27-normalized-only,screenshots_manifest.csv,screen_26_07_2026_22_29_00,26_07_2026_22_29_00.png,39175f125746a0ccd02cfbd8e2e5f6662739a061cbc8c21cb65508fbe13cfd17,2026-07-26T22:29:00-03:00,battle_20260726_222851_banefort,final_result,True,keep_grouped_pending_visual_representative_audit,battle_20260726_222851_banefort,True,blocked_raw_screenshot_not_retained,"Multiple primary screens share one battle ID, so independence is preserved; raw pixels are unavailable here to choose representative versus supplemental."
2026-07-27-normalized-only,screenshots_manifest.csv,screen_26_07_2026_23_26_19,26_07_2026_23_26_19.png,dcab209c565b9acb68cb65a9290b9740c4c466bd17eb8b87a540bb391d7f02f1,2026-07-26T23:26:19-03:00,battle_20260726_232619_farman,final_result,True,keep_existing_representative,screen_26_07_2026_23_26_19,True,manifest_only_no_new_visual_claim,Single committed primary screen for this battle.
2026-07-27-normalized-only,screenshots_manifest.csv,screen_26_07_2026_23_35_35,26_07_2026_23_35_35.png,2048b683bc08229f4f9cdf907fa5ac7ead2b27692bf14e8a1262203f2af6dc94,2026-07-26T23:35:35-03:00,battle_20260726_233535_lorch_lannister,final_result,True,keep_existing_representative,screen_26_07_2026_23_35_35,True,manifest_only_no_new_visual_claim,Single committed primary screen for this battle.
2026-07-27-normalized-only,screenshots_manifest.csv,screen_26_07_2026_23_48_09,26_07_2026_23_48_09.png,558d05aab4f73330dad16550f1372f19a8d1134fc28774f2570dc2d8341a7cbf,2026-07-26T23:48:09-03:00,battle_20260726_234809_the_crag,final_result,True,keep_existing_representative,screen_26_07_2026_23_48_09,True,manifest_only_no_new_visual_claim,Single committed primary screen for this battle.
2026-07-27-normalized-only,screenshots_manifest.csv,screen_26_07_2026_23_56_58,26_07_2026_23_56_58.png,5745e967b1d52a062613ebf5035e5640a9bfbf3bb84c08b9b96cde67bb4d1e4f,2026-07-26T23:56:58-03:00,battle_20260726_235658_kenning,final_result,True,keep_existing_representative,screen_26_07_2026_23_56_58,True,manifest_only_no_new_visual_claim,Single committed primary screen for this battle.
2026-07-27-normalized-only,screenshots_manifest.csv,screen_27_07_2026_00_11_25,27_07_2026_00_11_25.png,8c4a329c915a89324d2bdb49e2a1c2667aa8a4296f4fd067665e6869fe96a346,2026-07-27T00:11:25-03:00,battle_20260727_001125_faircastle,final_result,True,keep_existing_representative,screen_27_07_2026_00_11_25,True,manifest_only_no_new_visual_claim,Single committed primary screen for this battle.
2026-07-27-normalized-only,screenshots_manifest.csv,screen_27_07_2026_00_32_37,27_07_2026_00_32_37.png,d1b7f1afed293394d67259a1b62d675890146103ddad85ae098fd2ab1d2a3215,2026-07-27T00:32:37-03:00,battle_20260727_003346_the_crag_defense,final_result,True,keep_grouped_pending_visual_representative_audit,battle_20260727_003346_the_crag_defense,True,blocked_raw_screenshot_not_retained,"Multiple primary screens share one battle ID, so independence is preserved; raw pixels are unavailable here to choose representative versus supplemental."
2026-07-27-normalized-only,screenshots_manifest.csv,screen_27_07_2026_00_33_46,27_07_2026_00_33_46.png,e39bdbb6f957f83c6376632906f18ed9ee721ab6573503f0f6a16f9203923c76,2026-07-27T00:33:46-03:00,battle_20260727_003346_the_crag_defense,final_result,True,keep_grouped_pending_visual_representative_audit,battle_20260727_003346_the_crag_defense,True,blocked_raw_screenshot_not_retained,"Multiple primary screens share one battle ID, so independence is preserved; raw pixels are unavailable here to choose representative versus supplemental."
2026-07-27-normalized-only,screenshots_manifest.csv,screen_27_07_2026_00_43_50,27_07_2026_00_43_50.png,7b8231cdb117a28e2663a004161538ea6935c2587f9acea376820c62bd5cf1be,2026-07-27T00:43:50-03:00,battle_20260727_004350_westerling,final_result,True,keep_existing_representative,screen_27_07_2026_00_43_50,True,manifest_only_no_new_visual_claim,Single committed primary screen for this battle.
2026-07-27-normalized-only,screenshots_manifest.csv,screen_27_07_2026_00_53_22,27_07_2026_00_53_22.png,4f37dc41dcdc7534caf93cae89d9cd9fcfcc58fb343ebe136a3f65db2eb53122,2026-07-27T00:53:22-03:00,battle_20260727_005322_banefort,final_result,True,keep_existing_representative,screen_27_07_2026_00_53_22,True,manifest_only_no_new_visual_claim,Single committed primary screen for this battle.
2026-07-27-normalized-only,screenshots_manifest.csv,screen_27_07_2026_01_05_41,27_07_2026_01_05_41.png,ac8e6b8162f4a2831d398b8a95de411e36817cd90f6077a3953b592390916aec,2026-07-27T01:05:41-03:00,battle_20260727_010541_kayce,final_result,True,keep_existing_representative,screen_27_07_2026_01_05_41,True,manifest_only_no_new_visual_claim,Single committed primary screen for this battle.
2026-07-27-rot-field-followup,screenshots_manifest.csv,screen_b01_20260727_103534,Mount and Blade II Bannerlord - Singleplayer PID_ 6076 -  Win64_Shipping_Client Msvc14 Managed C__Program Files (x86)_Steam_steamapps_common_Mount & Blade II Bannerlord_bin_Modules_ 27_07_2026 10_35_34.png,14c5006868426135a1dda91bca33e87e4d9776a9f7ec92874153677a26f3f5e4,2026-07-27T10:35:34-03:00,B01,final_result,True,keep_existing_representative,screen_b01_20260727_103534,True,manifest_only_no_new_visual_claim,Single committed primary screen for this battle.
2026-07-27-rot-field-followup,screenshots_manifest.csv,screen_b02_20260727_104834,Mount and Blade II Bannerlord - Singleplayer PID_ 6076 -  Win64_Shipping_Client Msvc14 Managed C__Program Files (x86)_Steam_steamapps_common_Mount & Blade II Bannerlord_bin_Modules_ 27_07_2026 10_48_34.png,08acd520e1d9e22307556dad538db338a2d810bc2429e9d6eaa1b462a0bf2ee2,2026-07-27T10:48:34-03:00,B02,final_result,True,keep_existing_representative,screen_b02_20260727_104834,True,manifest_only_no_new_visual_claim,Single committed primary screen for this battle.
2026-07-28-to-29-nightmare-sails-field,screenshots_manifest.csv,screen_b03_20260728_183356,Mount and Blade II Bannerlord - Singleplayer PID_ 13976 -  Win64_Shipping_Client Msvc14 Managed C__Program Files (x86)_Steam_steamapps_common_Mount & Blade II Bannerlord_bin_Modules_ 28_07_2026 18_33_56.png,cc85115ec0219cbb7b8f68eb23bd9cb2ef27b18af621feebbb7319a374dd2e2d,2026-07-28T18:33:56-03:00,B03,final_result,True,keep_existing_representative,screen_b03_20260728_183356,True,manifest_only_no_new_visual_claim,Single committed primary screen for this battle.
2026-07-28-to-29-nightmare-sails-field,screenshots_manifest.csv,screen_b04_20260728_235347,Mount and Blade II Bannerlord - Singleplayer PID_ 13976 -  Win64_Shipping_Client Msvc14 Managed C__Program Files (x86)_Steam_steamapps_common_Mount & Blade II Bannerlord_bin_Modules_ 28_07_2026 23_53_47.png,f5f4303ce6c03fb49c8a0c76e2630e55d58dccccf9f90b7b4e5b2b60f3a289ce,2026-07-28T23:53:47-03:00,B04,final_result,True,keep_existing_representative,screen_b04_20260728_235347,True,manifest_only_no_new_visual_claim,Single committed primary screen for this battle.
2026-07-28-to-29-nightmare-sails-field,screenshots_manifest.csv,screen_b05_20260729_012541,Mount and Blade II Bannerlord - Singleplayer PID_ 13976 -  Win64_Shipping_Client Msvc14 Managed C__Program Files (x86)_Steam_steamapps_common_Mount & Blade II Bannerlord_bin_Modules_ 29_07_2026 01_25_41.png,a31eb1d36ecb02fa9774d44be27c5add3edff95c321c4e26ad2b723ac1ac97ab,2026-07-29T01:25:41-03:00,B05,final_result,True,keep_existing_representative,screen_b05_20260729_012541,True,manifest_only_no_new_visual_claim,Single committed primary screen for this battle.
2026-07-28-to-29-nightmare-sails-field,screenshots_manifest.csv,screen_b06_20260729_013307,Mount and Blade II Bannerlord - Singleplayer PID_ 13976 -  Win64_Shipping_Client Msvc14 Managed C__Program Files (x86)_Steam_steamapps_common_Mount & Blade II Bannerlord_bin_Modules_ 29_07_2026 01_33_07.png,b882e43b7988e031e2d70b270eac22095dc33d19fd01ed623cc547ecb0a3f7aa,2026-07-29T01:33:07-03:00,B06,final_result,True,keep_existing_representative,screen_b06_20260729_013307,True,manifest_only_no_new_visual_claim,Single committed primary screen for this battle.
2026-07-28-to-29-nightmare-sails-field,screenshots_manifest.csv,screen_b07_20260729_013605,Mount and Blade II Bannerlord - Singleplayer PID_ 13976 -  Win64_Shipping_Client Msvc14 Managed C__Program Files (x86)_Steam_steamapps_common_Mount & Blade II Bannerlord_bin_Modules_ 29_07_2026 01_36_05.png,45ff2413dfa8f69d5722044a39c158494faa9238767a2647e6692d69244e9add,2026-07-29T01:36:05-03:00,B07,final_result,True,keep_existing_representative,screen_b07_20260729_013605,True,manifest_only_no_new_visual_claim,Single committed primary screen for this battle.
2026-07-28-to-29-nightmare-sails-field,screenshots_manifest.csv,screen_b08_20260729_013823,Mount and Blade II Bannerlord - Singleplayer PID_ 13976 -  Win64_Shipping_Client Msvc14 Managed C__Program Files (x86)_Steam_steamapps_common_Mount & Blade II Bannerlord_bin_Modules_ 29_07_2026 01_38_23.png,6d62f315ada1b8297668184ac41622094be861790e54169960b79b3a1a9a1aa2,2026-07-29T01:38:23-03:00,B08,final_result,True,keep_existing_representative,screen_b08_20260729_013823,True,manifest_only_no_new_visual_claim,Single committed primary screen for this battle.
2026-07-28-to-29-nightmare-sails-field,screenshots_manifest.csv,screen_b09_20260729_014232,Mount and Blade II Bannerlord - Singleplayer PID_ 13976 -  Win64_Shipping_Client Msvc14 Managed C__Program Files (x86)_Steam_steamapps_common_Mount & Blade II Bannerlord_bin_Modules_ 29_07_2026 01_42_32.png,93a16887b7a93ad5871e6f06c377c59b80f9f016cd6b2206eb91b69d6e90df9d,2026-07-29T01:42:32-03:00,B09,final_result,True,keep_existing_representative,screen_b09_20260729_014232,True,manifest_only_no_new_visual_claim,Single committed primary screen for this battle.
2026-07-28-to-29-nightmare-sails-field,screenshots_manifest.csv,screen_b10_20260729_014539,Mount and Blade II Bannerlord - Singleplayer PID_ 13976 -  Win64_Shipping_Client Msvc14 Managed C__Program Files (x86)_Steam_steamapps_common_Mount & Blade II Bannerlord_bin_Modules_ 29_07_2026 01_45_39.png,31826d9307637e5df6883a3880f3c981efb6845ff4a05cd3785365d639510473,2026-07-29T01:45:39-03:00,B10,final_result,True,keep_existing_representative,screen_b10_20260729_014539,True,manifest_only_no_new_visual_claim,Single committed primary screen for this battle.
2026-07-28-to-29-nightmare-sails-field,screenshots_manifest.csv,screen_b11_20260729_015856,Mount and Blade II Bannerlord - Singleplayer PID_ 13976 -  Win64_Shipping_Client Msvc14 Managed C__Program Files (x86)_Steam_steamapps_common_Mount & Blade II Bannerlord_bin_Modules_ 29_07_2026 01_58_56.png,495070466adfdb8901c3f1850a93cf55c4655af85357c66f93aacf340195e1e5,2026-07-29T01:58:56-03:00,B11,final_result,True,keep_existing_representative,screen_b11_20260729_015856,True,manifest_only_no_new_visual_claim,Single committed primary screen for this battle.
2026-08-08-to-10-sarnori-mixed,screenshots_manifest.csv,screen_b01_20260808T2341100300,Screenshot 08_08_2026 23_41_10.png,4ec32e0731e6a730d0b1dca4da0cd72f50314b16a9d2c2538bd9069c565e1ed7,2026-08-08T23:41:10-03:00,battle_20260808_234110_ghiscari_field,final_result,True,keep_existing_representative,screen_b01_20260808T2341100300,True,manifest_only_no_new_visual_claim,Single committed primary screen for this battle.
2026-08-08-to-10-sarnori-mixed,screenshots_manifest.csv,screen_b02_20260808T2349570300,Mount and Blade II Bannerlord - Singleplayer PID_ 4216 -  Win64_Shipping_Client Msvc14 Managed C__Program Files (x86)_Steam_steamapps_common_Mount & Blade II Bannerlord_bin_Modules_ 08_08_2026 23_49_57.png,cec9bd3637b11fc5bf2011d4bfacea9b5937db51506f939869420d0c1bc870ba,2026-08-08T23:49:57-03:00,battle_20260808_234957_vaes_diaf_siege,final_result,True,keep_existing_representative,screen_b02_20260808T2349570300,True,manifest_only_no_new_visual_claim,Single committed primary screen for this battle.
2026-08-08-to-10-sarnori-mixed,screenshots_manifest.csv,screen_b03_20260809T0036200300,Mount and Blade II Bannerlord - Singleplayer PID_ 29540 -  Win64_Shipping_Client Msvc14 Managed C__Program Files (x86)_Steam_steamapps_common_Mount & Blade II Bannerlord_bin_Modules_ 09_08_2026 00_36_20.png,3b4a941813c8ecffe71a779a91d9373ff80aa95f947c5950fd267d03846e1b13,2026-08-09T00:36:20-03:00,battle_20260809_003620_ibbenese_field,final_result,True,keep_existing_representative,screen_b03_20260809T0036200300,True,manifest_only_no_new_visual_claim,Single committed primary screen for this battle.
2026-08-08-to-10-sarnori-mixed,screenshots_manifest.csv,screen_b04_20260810T2201350300,Mount and Blade II Bannerlord - Singleplayer PID_ 3644 -  Win64_Shipping_Client Msvc14 Managed C__Program Files (x86)_Steam_steamapps_common_Mount & Blade II Bannerlord_bin_Modules_ 10_08_2026 22_01_35.png,3bd4d4f27ac3b9ca36b12dfeb25aa06f7331cff76b3ff7625e18cd052c5aad77,2026-08-10T22:01:35-03:00,battle_20260810_220135_new_ibbish_siege,final_result,True,keep_existing_representative,screen_b04_20260810T2201350300,True,manifest_only_no_new_visual_claim,Single committed primary screen for this battle.
2026-08-08-to-10-sarnori-mixed,screenshots_manifest.csv,screen_active_20260810T2222250300,Mount and Blade II Bannerlord - Singleplayer PID_ 21688 -  Win64_Shipping_Client Msvc14 Managed C__Program Files (x86)_Steam_steamapps_common_Mount & Blade II Bannerlord_bin_Modules_ 10_08_2026 22_22_25.png,5371af51eb5ad2d18b3af126dfc7243a659bd8bd28c35774427420a8d1b6358a,2026-08-10T22:22:25-03:00,excluded_active_20260810_222225_omber,active_scoreboard_excluded,False,skip_nonfinal_or_superseded,,True,documented_existing_decision,active_scoreboard_excluded
2026-08-08-to-10-sarnori-mixed,screenshots_manifest.csv,screen_b05_20260810T2237150300,Mount and Blade II Bannerlord - Singleplayer PID_ 21688 -  Win64_Shipping_Client Msvc14 Managed C__Program Files (x86)_Steam_steamapps_common_Mount & Blade II Bannerlord_bin_Modules_ 10_08_2026 22_37_15.png,e7dfed6391fa4ea594b055bde13b49987cdf8e87d6e5838e8d5786e49909229e,2026-08-10T22:37:15-03:00,battle_20260810_223715_casat_field,final_result,True,keep_existing_representative,screen_b05_20260810T2237150300,True,manifest_only_no_new_visual_claim,Single committed primary screen for this battle.
2026-08-08-to-10-sarnori-mixed,screenshots_manifest.csv,screen_b06_20260810T2302360300,Mount and Blade II Bannerlord - Singleplayer PID_ 21688 -  Win64_Shipping_Client Msvc14 Managed C__Program Files (x86)_Steam_steamapps_common_Mount & Blade II Bannerlord_bin_Modules_ 10_08_2026 23_02_36.png,09343f0ac9b961b69e2476888decd02ce4fc78aea712b527844aafe1df2ecdf1,2026-08-10T23:02:36-03:00,battle_20260810_230236_iksa_calo_siege,final_result,True,keep_existing_representative,screen_b06_20260810T2302360300,True,manifest_only_no_new_visual_claim,Single committed primary screen for this battle.
2026-08-11-ravens-teeth-field,screenshots_manifest.csv,screen_b01_20260811T1432240300,Mount and Blade II Bannerlord - Singleplayer PID_ 15960 -  Win64_Shipping_Client Msvc14 Managed C__Program Files (x86)_Steam_steamapps_common_Mount & Blade II Bannerlord_bin_Modules_ 11_08_2026 14_32_24.png,a89339f55ab3d4f51475c8142578d49a780de2db3e1c26468a70d885fcba9999,2026-08-11T14:32:24-03:00,battle_20260811_143224_ravens_field,final_result,True,keep_existing_representative,screen_b01_20260811T1432240300,True,manifest_only_no_new_visual_claim,Single committed primary screen for this battle.
2026-08-11-ravens-teeth-field,screenshots_manifest.csv,screen_b01_duplicate_20260811T1432240300,Mount and Blade II Bannerlord - Singleplayer PID_ 15960 -  Win64_Shipping_Client Msvc14 Managed C__Program Files (x86)_Steam_steamapps_common_Mount & Blade II Bannerlord_bin_Modules_ 11_08_2026 14_32_24 (1).png,ef77f18edbee964f23004f0badd080fa60c5bd1f16ec1a53073512a252c87cc4,2026-08-11T14:32:24-03:00,battle_20260811_143224_ravens_field,duplicate_scoreboard_same_battle,False,skip_internal_duplicate,,True,documented_existing_decision,duplicate_scoreboard_same_battle
2026-08-11-ravens-teeth-field,screenshots_manifest.csv,screen_b02_20260811T1452040300,Mount and Blade II Bannerlord - Singleplayer PID_ 15960 -  Win64_Shipping_Client Msvc14 Managed C__Program Files (x86)_Steam_steamapps_common_Mount & Blade II Bannerlord_bin_Modules_ 11_08_2026 14_52_04.png,1141d8c88d59858352d7f3bd831aefbca2e9a52d0c4e616228be2d914b164ad2,2026-08-11T14:52:04-03:00,battle_20260811_145204_ravens_field,final_result,True,keep_existing_representative,screen_b02_20260811T1452040300,True,manifest_only_no_new_visual_claim,Single committed primary screen for this battle.
2026-08-11-ravens-teeth-field,screenshots_manifest.csv,screen_b03_20260811T1510070300,Mount and Blade II Bannerlord - Singleplayer PID_ 15960 -  Win64_Shipping_Client Msvc14 Managed C__Program Files (x86)_Steam_steamapps_common_Mount & Blade II Bannerlord_bin_Modules_ 11_08_2026 15_10_07.png,87489b316a25c6e6866b893136c51c2d7736f59b0d33bd806144dd886ae614e5,2026-08-11T15:10:07-03:00,battle_20260811_151007_ravens_field,final_result,True,keep_existing_representative,screen_b03_20260811T1510070300,True,manifest_only_no_new_visual_claim,Single committed primary screen for this battle.
2026-08-11-ravens-teeth-field,screenshots_manifest.csv,screen_b04_20260811T1516220300,Mount and Blade II Bannerlord - Singleplayer PID_ 15960 -  Win64_Shipping_Client Msvc14 Managed C__Program Files (x86)_Steam_steamapps_common_Mount & Blade II Bannerlord_bin_Modules_ 11_08_2026 15_16_22.png,56087addbb874f8fd4f4b298ff230d93665fcb08d3dfff3defb48fc571a838f8,2026-08-11T15:16:22-03:00,battle_20260811_151622_ravens_field,final_result,True,keep_existing_representative,screen_b04_20260811T1516220300,True,manifest_only_no_new_visual_claim,Single committed primary screen for this battle.
2026-08-11-to-12-ravens-teeth-field-extension,screenshots_manifest.csv,screen_b01_20260811T2323140300,Mount and Blade II Bannerlord - Singleplayer PID_ 15960 -  Win64_Shipping_Client Msvc14 Managed C__Program Files (x86)_Steam_steamapps_common_Mount & Blade II Bannerlord_bin_Modules_ 11_08_2026 23_23_14.png,d9092b7161f1abbe045fbca28ddaaafd59576c61a26e1fe010b0a89797a9e98c,2026-08-11T23:23:14-03:00,battle_20260811_232314_ravens_field,final_result,True,keep_existing_representative,screen_b01_20260811T2323140300,True,manifest_only_no_new_visual_claim,Single committed primary screen for this battle.
2026-08-11-to-12-ravens-teeth-field-extension,screenshots_manifest.csv,screen_b01_dup_20260811T2323150300,Mount and Blade II Bannerlord - Singleplayer PID_ 15960 -  Win64_Shipping_Client Msvc14 Managed C__Program Files (x86)_Steam_steamapps_common_Mount & Blade II Bannerlord_bin_Modules_ 11_08_2026 23_23_15.png,73be2758d17e386d3794d67efb13e54a138e8087bd4c52e3ad7ad31f661155e4,2026-08-11T23:23:15-03:00,battle_20260811_232314_ravens_field,duplicate_scoreboard_same_battle,False,skip_internal_duplicate,,True,documented_existing_decision,duplicate_scoreboard_same_battle
2026-08-11-to-12-ravens-teeth-field-extension,screenshots_manifest.csv,screen_b02_20260811T2330360300,Mount and Blade II Bannerlord - Singleplayer PID_ 15960 -  Win64_Shipping_Client Msvc14 Managed C__Program Files (x86)_Steam_steamapps_common_Mount & Blade II Bannerlord_bin_Modules_ 11_08_2026 23_30_36.png,627314eaa8cb9ddd6271f2cc4da3a189ff3b3b3e51cdcd65a0fd0bec91298d49,2026-08-11T23:30:36-03:00,battle_20260811_233036_ravens_field,final_result,True,keep_existing_representative,screen_b02_20260811T2330360300,True,manifest_only_no_new_visual_claim,Single committed primary screen for this battle.
2026-08-11-to-12-ravens-teeth-field-extension,screenshots_manifest.csv,screen_b03_20260811T2337310300,Mount and Blade II Bannerlord - Singleplayer PID_ 15960 -  Win64_Shipping_Client Msvc14 Managed C__Program Files (x86)_Steam_steamapps_common_Mount & Blade II Bannerlord_bin_Modules_ 11_08_2026 23_37_31.png,a47a02848bce810ff2e4efb86ae2611e48e251ae4d2b29c66cbf9fb2ff69493e,2026-08-11T23:37:31-03:00,battle_20260811_233731_ravens_field,final_result,True,keep_existing_representative,screen_b03_20260811T2337310300,True,manifest_only_no_new_visual_claim,Single committed primary screen for this battle.
2026-08-11-to-12-ravens-teeth-field-extension,screenshots_manifest.csv,screen_b04_20260811T2343330300,Mount and Blade II Bannerlord - Singleplayer PID_ 15960 -  Win64_Shipping_Client Msvc14 Managed C__Program Files (x86)_Steam_steamapps_common_Mount & Blade II Bannerlord_bin_Modules_ 11_08_2026 23_43_33.png,4965ceb069cc7f07a3458d6ba2e8105fa5f8dd6300086cdaa70ef7c385371d43,2026-08-11T23:43:33-03:00,battle_20260811_234333_ravens_field,final_result,True,keep_existing_representative,screen_b04_20260811T2343330300,True,manifest_only_no_new_visual_claim,Single committed primary screen for this battle.
2026-08-11-to-12-ravens-teeth-field-extension,screenshots_manifest.csv,screen_b05_20260811T2349150300,Mount and Blade II Bannerlord - Singleplayer PID_ 15960 -  Win64_Shipping_Client Msvc14 Managed C__Program Files (x86)_Steam_steamapps_common_Mount & Blade II Bannerlord_bin_Modules_ 11_08_2026 23_49_15.png,99851f4de12b18b0ca4a81ad33ec329e240337103225fd321eba04fc7b24122f,2026-08-11T23:49:15-03:00,battle_20260811_234915_ravens_siege_attack,final_result,True,keep_existing_representative,screen_b05_20260811T2349150300,True,manifest_only_no_new_visual_claim,Single committed primary screen for this battle.
2026-08-11-to-12-ravens-teeth-field-extension,screenshots_manifest.csv,screen_b06_20260811T2357030300,Mount and Blade II Bannerlord - Singleplayer PID_ 15960 -  Win64_Shipping_Client Msvc14 Managed C__Program Files (x86)_Steam_steamapps_common_Mount & Blade II Bannerlord_bin_Modules_ 11_08_2026 23_57_03.png,e8e0d928e41b91ff275ca38c6d2172572ef9b1f027a6012e0abeeb61a6c498ba,2026-08-11T23:57:03-03:00,battle_20260811_235703_ravens_field,final_result,True,keep_existing_representative,screen_b06_20260811T2357030300,True,manifest_only_no_new_visual_claim,Single committed primary screen for this battle.
2026-08-11-to-12-ravens-teeth-field-extension,screenshots_manifest.csv,screen_b07_20260812T0001250300,Mount and Blade II Bannerlord - Singleplayer PID_ 15960 -  Win64_Shipping_Client Msvc14 Managed C__Program Files (x86)_Steam_steamapps_common_Mount & Blade II Bannerlord_bin_Modules_ 12_08_2026 00_01_25.png,fe51b983a3bada459270202eae176e821d3668987d257d56a035ca3d6a60821a,2026-08-12T00:01:25-03:00,battle_20260812_000125_ravens_field,final_result,True,keep_existing_representative,screen_b07_20260812T0001250300,True,manifest_only_no_new_visual_claim,Single committed primary screen for this battle.
2026-08-12-mallister-mixed,screenshots_manifest.csv,screen_b01_20260812T105603-0300,Mount and Blade II Bannerlord - Singleplayer PID_ 10540 -  Win64_Shipping_Client Msvc14 Managed C__Program Files (x86)_Steam_steamapps_common_Mount & Blade II Bannerlord_bin_Modules_ 12_08_2026 10_56_03.png,bb0b27918079ed884822c745d91256bcfaf2eac06be875d6e47a89691a4161aa,2026-08-12T10:56:03-03:00,battle_20260812_105603_mallister_field,final_result,True,keep_existing_representative,screen_b01_20260812T105603-0300,True,manifest_only_no_new_visual_claim,Single committed primary screen for this battle.
2026-08-12-mallister-mixed,screenshots_manifest.csv,screen_b02_20260812T110101-0300,Mount and Blade II Bannerlord - Singleplayer PID_ 10540 -  Win64_Shipping_Client Msvc14 Managed C__Program Files (x86)_Steam_steamapps_common_Mount & Blade II Bannerlord_bin_Modules_ 12_08_2026 11_01_01.png,792f9e49de51666323f8b43458de75bf83eb37b9f60114443d60cdee717d82e4,2026-08-12T11:01:01-03:00,battle_20260812_110101_mallister_field,final_result,True,keep_existing_representative,screen_b02_20260812T110101-0300,True,manifest_only_no_new_visual_claim,Single committed primary screen for this battle.
2026-08-12-mallister-mixed,screenshots_manifest.csv,screen_b03_20260812T111049-0300,Mount and Blade II Bannerlord - Singleplayer PID_ 10540 -  Win64_Shipping_Client Msvc14 Managed C__Program Files (x86)_Steam_steamapps_common_Mount & Blade II Bannerlord_bin_Modules_ 12_08_2026 11_10_49.png,70af8d24e1c75879a8d5f2c7dc084329bebd8bf9954b16f386fa2ae39522aeab,2026-08-12T11:10:49-03:00,battle_20260812_111049_bloody_gate_siege,final_result,True,keep_existing_representative,screen_b03_20260812T111049-0300,True,manifest_only_no_new_visual_claim,Single committed primary screen for this battle.
2026-08-12-mallister-mixed,screenshots_manifest.csv,screen_b04_20260812T114124-0300,Mount and Blade II Bannerlord - Singleplayer PID_ 10540 -  Win64_Shipping_Client Msvc14 Managed C__Program Files (x86)_Steam_steamapps_common_Mount & Blade II Bannerlord_bin_Modules_ 12_08_2026 11_41_24.png,f200cdd6bc162ccbd1f51aa9f998869e92927fd0eed9636f5c6846382a6b43b8,2026-08-12T11:41:24-03:00,battle_20260812_114124_stoney_sept_siege,final_result,True,keep_existing_representative,screen_b04_20260812T114124-0300,True,manifest_only_no_new_visual_claim,Single committed primary screen for this battle.
2026-08-12-mallister-mixed,screenshots_manifest.csv,screen_b05_20260812T132934-0300,Mount and Blade II Bannerlord - Singleplayer PID_ 10540 -  Win64_Shipping_Client Msvc14 Managed C__Program Files (x86)_Steam_steamapps_common_Mount & Blade II Bannerlord_bin_Modules_ 12_08_2026 13_29_34.png,c9170306fc4c0fda0ab0379a111021956f011792eb6dd2603be6c4c114d4d60d,2026-08-12T13:29:34-03:00,battle_20260812_132934_mallister_field,final_result,True,keep_existing_representative,screen_b05_20260812T132934-0300,True,manifest_only_no_new_visual_claim,Single committed primary screen for this battle.
2026-08-12-mallister-mixed,screenshots_manifest.csv,screen_b06_20260812T151802-0300,Mount and Blade II Bannerlord - Singleplayer PID_ 10540 -  Win64_Shipping_Client Msvc14 Managed C__Program Files (x86)_Steam_steamapps_common_Mount & Blade II Bannerlord_bin_Modules_ 12_08_2026 15_18_02.png,f35e4a0c256577e4bbb21df66a490ff5253d1c7dc9ae60e5419b46e7163a41a9,2026-08-12T15:18:02-03:00,battle_20260812_151802_mallister_field,final_result,True,keep_existing_representative,screen_b06_20260812T151802-0300,True,manifest_only_no_new_visual_claim,Single committed primary screen for this battle.
2026-08-13-goldenheart-field,screenshots_manifest.csv,screen_b01_20260813T014759-0300,Mount and Blade II Bannerlord PID_ 16024 -  Win64_Shipping_Client Msvc14 Managed C__Program Files (x86)_Steam_steamapps_common_Mount & Blade II Bannerlord_bin_Modules_ 13_08_2026 01_47_59.png,eac0531ffcc1cbcc009216074d123c9833c14cb588c573f4f887d270f21d0ce4,2026-08-13T01:47:59-03:00,battle_20260813_014759_goldenheart_field,final_result,True,keep_existing_representative,screen_b01_20260813T014759-0300,True,manifest_only_no_new_visual_claim,Single committed primary screen for this battle.
2026-08-13-goldenheart-field,screenshots_manifest.csv,screen_b02_20260813T181502-0300,Mount and Blade II Bannerlord PID_ 16024 -  Win64_Shipping_Client Msvc14 Managed C__Program Files (x86)_Steam_steamapps_common_Mount & Blade II Bannerlord_bin_Modules_ 13_08_2026 18_15_02.png,207b192d701af9fc183c46115a90ff0fbc1e0748620ba84248b1f3e0b7af9955,2026-08-13T18:15:02-03:00,battle_20260813_181502_goldenheart_field,final_result,True,keep_existing_representative,screen_b02_20260813T181502-0300,True,manifest_only_no_new_visual_claim,Single committed primary screen for this battle.
2026-08-15-to-16-captain-kingsguard-mixed,source_inventory.csv,source_01,Mount and Blade II Bannerlord - Singleplayer PID_ 12664 -  Win64_Shipping_Client Msvc14 Managed C__Program Files (x86)_Steam_steamapps_common_Mount & Blade II Bannerlord_bin_Modules_ 15_08_2026 00_27_44.png,26089da19f684989ec9259ad790d47724018785922ae99fc1df275f1faa1b470,2026-08-15T00:27:44-03:00,battle_20260815_002744_captain_field,final_result,True,keep_existing_representative,source_01,True,manifest_only_no_new_visual_claim,Single committed primary screen for this battle.
2026-08-15-to-16-captain-kingsguard-mixed,source_inventory.csv,source_02,Mount and Blade II Bannerlord - Singleplayer PID_ 12664 -  Win64_Shipping_Client Msvc14 Managed C__Program Files (x86)_Steam_steamapps_common_Mount & Blade II Bannerlord_bin_Modules_ 15_08_2026 00_27_48.png,46b6b118f9f333d34c71e0c9c0a7133c65d250b6e0ae90ee7f862954c3762022,2026-08-15T00:27:48-03:00,battle_20260815_002744_captain_field,duplicate_final_result,False,skip_internal_duplicate,"same 05m40s totals, parties, and visible rows; transient scene pixels differ",True,documented_existing_decision,"same 05m40s totals, parties, and visible rows; transient scene pixels differ"
2026-08-15-to-16-captain-kingsguard-mixed,source_inventory.csv,source_03,Mount and Blade II Bannerlord - Singleplayer PID_ 12664 -  Win64_Shipping_Client Msvc14 Managed C__Program Files (x86)_Steam_steamapps_common_Mount & Blade II Bannerlord_bin_Modules_ 15_08_2026 00_39_23.png,b0d69892b502f39c35af82822c96fe4828e7744d2b8a7adb52ad0a915b087ca4,2026-08-15T00:39:23-03:00,battle_20260815_003923_captain_field,final_result,True,keep_existing_representative,source_03,True,manifest_only_no_new_visual_claim,Single committed primary screen for this battle.
2026-08-15-to-16-captain-kingsguard-mixed,source_inventory.csv,source_04,Armoury Crate SE 15_08_2026 10_12_55.png,329c2451ddf245bb7287d1ba1af499eaedbd8a88f606429fbc38ebe22231bbde,2026-08-15T10:12:55-03:00,battle_20260815_101255_captain_field,final_result,True,keep_existing_representative,source_04,True,manifest_only_no_new_visual_claim,Single committed primary screen for this battle.
2026-08-15-to-16-captain-kingsguard-mixed,source_inventory.csv,source_05,Mount and Blade II Bannerlord - Singleplayer PID_ 840 -  Win64_Shipping_Client Msvc14 Managed C__Program Files (x86)_Steam_steamapps_common_Mount & Blade II Bannerlord_bin_Modules_ 15_08_2026 14_08_22.png,8a048a2ae2ea7391b394d262eb079bc594dcd590020360cb30e8dc620fb10811,2026-08-15T14:08:22-03:00,battle_20260815_142829_captain_siege_defense,in_progress_superseded,False,skip_nonfinal_or_superseded,Surrender screen at 01h39m03s; same Roose/Joffrey battle finalized at 02h30m34s,True,documented_existing_decision,Surrender screen at 01h39m03s; same Roose/Joffrey battle finalized at 02h30m34s
2026-08-15-to-16-captain-kingsguard-mixed,source_inventory.csv,source_06,Mount and Blade II Bannerlord - Singleplayer PID_ 840 -  Win64_Shipping_Client Msvc14 Managed C__Program Files (x86)_Steam_steamapps_common_Mount & Blade II Bannerlord_bin_Modules_ 15_08_2026 14_28_29.png,055573e8de7040f2ce70616ba1d29761d09f1b5dae357dab47b799e31d8b4373,2026-08-15T14:28:29-03:00,battle_20260815_142829_captain_siege_defense,final_result,True,keep_existing_representative,source_06,True,manifest_only_no_new_visual_claim,Single committed primary screen for this battle.
2026-08-15-to-16-captain-kingsguard-mixed,source_inventory.csv,source_07,Mount and Blade II Bannerlord - Singleplayer PID_ 5832 -  Win64_Shipping_Client Msvc14 Managed C__Program Files (x86)_Steam_steamapps_common_Mount & Blade II Bannerlord_bin_Modules_ 15_08_2026 23_02_07.png,0391006e94d27a887fcc9dfbdc45246546a4b842c1ae6728d8420158fc09cbb0,2026-08-15T23:02:07-03:00,battle_20260815_230207_captain_siege_defense,final_result,True,keep_existing_representative,source_07,True,manifest_only_no_new_visual_claim,Single committed primary screen for this battle.
2026-08-15-to-16-captain-kingsguard-mixed,source_inventory.csv,source_08,Mount and Blade II Bannerlord - Singleplayer PID_ 5832 -  Win64_Shipping_Client Msvc14 Managed C__Program Files (x86)_Steam_steamapps_common_Mount & Blade II Bannerlord_bin_Modules_ 16_08_2026 00_48_56.png,2d59c673979b7fcd020716a0eff17368a47bf43638a3a94535e09cd6f4e1cdd6,2026-08-16T00:48:56-03:00,battle_20260816_004856_captain_siege_attack,final_result,True,keep_existing_representative,source_08,True,manifest_only_no_new_visual_claim,Single committed primary screen for this battle.
2026-08-15-to-16-captain-kingsguard-mixed,source_inventory.csv,source_09,Mount and Blade II Bannerlord - Singleplayer PID_ 5832 -  Win64_Shipping_Client Msvc14 Managed C__Program Files (x86)_Steam_steamapps_common_Mount & Blade II Bannerlord_bin_Modules_ 16_08_2026 01_02_12.png,ff3b5d614a65b197b2f6d235a63b839626fcd729a5e922679a29199b3d1470f7,2026-08-16T01:02:12-03:00,battle_20260816_010212_captain_siege_attack,final_result,True,keep_existing_representative,source_09,True,manifest_only_no_new_visual_claim,Single committed primary screen for this battle.
2026-08-15-to-16-captain-kingsguard-mixed,source_inventory.csv,source_10,Mount and Blade II Bannerlord - Singleplayer PID_ 5832 -  Win64_Shipping_Client Msvc14 Managed C__Program Files (x86)_Steam_steamapps_common_Mount & Blade II Bannerlord_bin_Modules_ 16_08_2026 18_04_48.png,e38a3014d5f150439d9739e91fe47a22186df9906e70054606103ae558920f7a,2026-08-16T18:04:48-03:00,battle_20260816_180448_captain_siege_attack,final_result,True,keep_existing_representative,source_10,True,manifest_only_no_new_visual_claim,Single committed primary screen for this battle.
2026-08-15-to-16-captain-kingsguard-mixed,source_inventory.csv,source_11,Mount and Blade II Bannerlord - Singleplayer PID_ 5832 -  Win64_Shipping_Client Msvc14 Managed C__Program Files (x86)_Steam_steamapps_common_Mount & Blade II Bannerlord_bin_Modules_ 16_08_2026 18_20_32.png,db73a717dc6d5239a7cbdc05778c05faa2a152f778cbcbcdd924393fd4e9ce6a,2026-08-16T18:20:32-03:00,battle_20260816_182033_captain_siege_attack,duplicate_final_result,False,skip_internal_duplicate,"same 08m33s totals, parties, and visible rows; transient cursor/background pixels differ",True,documented_existing_decision,"same 08m33s totals, parties, and visible rows; transient cursor/background pixels differ"
2026-08-15-to-16-captain-kingsguard-mixed,source_inventory.csv,source_12,Mount and Blade II Bannerlord - Singleplayer PID_ 5832 -  Win64_Shipping_Client Msvc14 Managed C__Program Files (x86)_Steam_steamapps_common_Mount & Blade II Bannerlord_bin_Modules_ 16_08_2026 18_20_33.png,bcf6c8249e75be6d0c9f6d98b3a40fd0e941392b972780511ff05185747aafaf,2026-08-16T18:20:33-03:00,battle_20260816_182033_captain_siege_attack,final_result,True,keep_existing_representative,source_12,True,manifest_only_no_new_visual_claim,Single committed primary screen for this battle.
2026-08-15-to-16-captain-kingsguard-mixed,source_inventory.csv,source_13,Mount and Blade II Bannerlord PID_ 16024 -  Win64_Shipping_Client Msvc14 Managed C__Program Files (x86)_Steam_steamapps_common_Mount & Blade II Bannerlord_bin_Modules_ 13_08_2026 01_47_59(1).png,eac0531ffcc1cbcc009216074d123c9833c14cb588c573f4f887d270f21d0ce4,2026-08-13T01:47:59-03:00,combat_2026-08-13_goldenheart_field,previously_published,False,skip_already_normalized,2026-08-13-goldenheart-field:screen_b01_20260813T014759-0300,True,not_required_exact_history_match,Historical exact_sha256 match.
2026-08-15-to-16-captain-kingsguard-mixed,source_inventory.csv,source_14,Mount and Blade II Bannerlord PID_ 16024 -  Win64_Shipping_Client Msvc14 Managed C__Program Files (x86)_Steam_steamapps_common_Mount & Blade II Bannerlord_bin_Modules_ 13_08_2026 18_15_02(1).png,207b192d701af9fc183c46115a90ff0fbc1e0748620ba84248b1f3e0b7af9955,2026-08-13T18:15:02-03:00,combat_2026-08-13_goldenheart_field,previously_published,False,skip_already_normalized,2026-08-13-goldenheart-field:screen_b02_20260813T181502-0300,True,not_required_exact_history_match,Historical exact_sha256 match.
