source_id,image_file,image_sha256,size_bytes,source_kind,source_container,source_container_sha256,library_file_id,file_citation_id,captured_at,battle_or_batch_id,screen_status,included_in_primary,selection_reason
source_01,Mount and Blade II Bannerlord PID_ 11160 -  Win64_Shipping_Client Msvc14 Managed C__Program Files (x86)_Steam_steamapps_common_Mount & Blade II Bannerlord_bin_Modules_ 21_08_2026 13_42_03.png,07400d0fc89d1f710ce50f8f679a4212779f9025def494d594613f9c27af672e,2202636,direct_library_png,,,libfile_9261bc33fce08191af9c48219bca65f4,file_0000000076ec820ead3763555dee7bdf,2026-08-21T13:42:03-03:00,battle_20260821_134203_lannister_prideknight_field,final_result,True,new independent final result scoreboard
source_02,Mount and Blade II Bannerlord PID_ 11160 -  Win64_Shipping_Client Msvc14 Managed C__Program Files (x86)_Steam_steamapps_common_Mount & Blade II Bannerlord_bin_Modules_ 21_08_2026 13_52_49.png,7bb954cad027f1c50e4f01f43cd8c99ba4a387fc76518cab4d92d97908ca25cc,1935646,direct_library_png,,,libfile_271af1c05a648191a91f4e6588888fbf,file_0000000008fc820e9974bf6f57c05c78,2026-08-21T13:52:49-03:00,battle_20260821_135249_lannister_prideknight_field,final_result,True,new independent final result scoreboard
source_03,Mount and Blade II Bannerlord PID_ 11160 -  Win64_Shipping_Client Msvc14 Managed C__Program Files (x86)_Steam_steamapps_common_Mount & Blade II Bannerlord_bin_Modules_ 21_08_2026 14_05_16.png,450be8f768a48cc8400b35a0f1054ead9aca25c06a14aeb3178e570c4ca86138,2377043,direct_library_png,,,libfile_bbf65d6e73048191a89ec28c59cd5379,file_000000009618820ea5963227e81a275b,2026-08-21T14:05:16-03:00,battle_20260821_140516_lannister_prideknight_field,final_result,True,new independent final result scoreboard
source_04,Mount and Blade II Bannerlord - Singleplayer PID_ 11160 -  Win64_Shipping_Client Msvc14 Managed C__Program Files (x86)_Steam_steamapps_common_Mount & Blade II Bannerlord_bin_Modules_ 21_08_2026 17_24_01.png,31c0e2169ae81677573f1fcec9c81d0992501a2f9e17d97abf1dfac64f669c35,2245845,direct_library_png,,,libfile_3a54a50fe5008191a25d7e7c683186d9,file_000000001cc8820eaca733c2912692c9,2026-08-21T17:24:01-03:00,battle_20260821_172401_lannister_prideknight_field,final_result,True,new independent final result scoreboard
source_05,Mount and Blade II Bannerlord - Singleplayer PID_ 11160 -  Win64_Shipping_Client Msvc14 Managed C__Program Files (x86)_Steam_steamapps_common_Mount & Blade II Bannerlord_bin_Modules_ 21_08_2026 18_53_06.png,a5982f221358a458927da97ffd9c05c129a197d84d358762fdc07212c83cd032,1981793,direct_library_png,,,libfile_50c8c0162be4819192bf94466fba7e21,file_00000000c894820eb38aca8b0a8a7a6f,2026-08-21T18:53:06-03:00,battle_20260821_185306_lannister_prideknight_field,final_result,True,new independent final result scoreboard
source_06,Mount and Blade II Bannerlord - Singleplayer PID_ 11160 -  Win64_Shipping_Client Msvc14 Managed C__Program Files (x86)_Steam_steamapps_common_Mount & Blade II Bannerlord_bin_Modules_ 21_08_2026 19_09_00.png,0e55694442aa42c5b2090476e5c884f751e625f23b0e9e57f0984bdf2752e25b,2573908,direct_library_png,,,libfile_15f5e087dc248191bc824318f0bec449,file_00000000f324820eba33729742656027,2026-08-21T19:09:00-03:00,battle_20260821_190900_lannister_prideknight_field,final_result,True,new independent final result scoreboard
source_07,Mount and Blade II Bannerlord - Singleplayer PID_ 11160 -  Win64_Shipping_Client Msvc14 Managed C__Program Files (x86)_Steam_steamapps_common_Mount & Blade II Bannerlord_bin_Modules_ 21_08_2026 19_15_16.png,17705099e2d6b0aebfe131970f041e58b0fbf17aba61d35b7d24994d1ecb802c,1814147,direct_library_png,,,libfile_6843c895c4008191b951536fc2277089,file_000000000cdc820e9d5627f02f05fd0e,2026-08-21T19:15:16-03:00,battle_20260821_191516_lannister_prideknight_siege_attack,final_result,True,new independent final result scoreboard
source_08,Mount and Blade II Bannerlord - Singleplayer PID_ 11160 -  Win64_Shipping_Client Msvc14 Managed C__Program Files (x86)_Steam_steamapps_common_Mount & Blade II Bannerlord_bin_Modules_ 21_08_2026 19_22_10.png,5793fd05b5eea637a09668f871b95f791fb218df4e08eec6a671dff0d8960480,2340114,direct_library_png,,,libfile_d0e3816c7aa08191a95df0aa8a9b18dc,file_0000000075c4820e90d7bbdf7acb01d3,2026-08-21T19:22:10-03:00,battle_20260821_192210_lannister_prideknight_field,final_result,True,new independent final result scoreboard
source_09,Mount and Blade II Bannerlord - Singleplayer PID_ 11160 -  Win64_Shipping_Client Msvc14 Managed C__Program Files (x86)_Steam_steamapps_common_Mount & Blade II Bannerlord_bin_Modules_ 21_08_2026 19_27_44.png,f7fe48d9a8ba2c99e1421c72fb0eaaaa0d8f5e8fe1b3127127063606a92982a4,2263887,direct_library_png,,,libfile_f48b112123688191b5e61e088be94353,file_000000005a8c820e9d2eaaf39053028b,2026-08-21T19:27:44-03:00,battle_20260821_192744_lannister_prideknight_field,final_result,True,new independent final result scoreboard
